scenario_id,category,model,success,collision,timeout,initial_distance_to_goal,final_distance_to_goal,episode_steps,episode_time,path_length,minimum_clearance,mean_linear_velocity,mean_angular_velocity,mean_absolute_angular_velocity,forward_percentage,reverse_percentage,stationary_percentage,no_turn_event,front_collision,successful_obstacle_avoidance,critical_recovery,angular_velocity_when_clearance_below_0.45m,direct_goal_path_blocked,first_obstacle_detected_step,first_turn_step,clearance_at_first_turn,did_robot_turn_away_from_blocking_wall,did_robot_get_around_wall,final_result
EASY / OPEN_1,EASY / OPEN,Champion,True,False,False,2.9928030322887293,1.1997762,210,21.0,3.6302643,0.30273330211639404,0.1658487,-0.018751096,0.28647453,0.7857142857142857,0.0,0.21428571428571427,False,False,True,True,0.28540984,False,160,160,0.447587788105011,True,True,Success
EASY / OPEN_2,EASY / OPEN,Champion,False,True,False,6.12398965920149,1.2542996,282,28.200000000000003,4.7655854,0.3004845082759857,0.16714203,-0.12690128,0.26413938,0.8723404255319149,0.0070921985815602835,0.12056737588652482,False,False,False,False,0.25673783,False,221,227,0.3115316927433014,True,False,Collision
EASY / OPEN_3,EASY / OPEN,Champion,True,False,False,5.637265605123043,1.1551571,341,34.1,7.42216,0.30004510283470154,0.21679822,-0.017318482,0.2538539,0.9208211143695014,0.002932551319648094,0.07624633431085044,False,False,True,True,0.3198855,False,172,172,0.4487309455871582,True,True,Success
EASY / OPEN_4,EASY / OPEN,Champion,True,False,False,6.3009520966860295,1.180563,501,50.1,7.2292852,0.5086415410041809,0.07311345,-0.0063776253,0.12423397,0.654690618762475,0.32335329341317365,0.021956087824351298,False,False,False,False,0.0,False,-1,-1,-1.0,False,True,Success
EASY / OPEN_5,EASY / OPEN,Champion,True,False,False,5.53515620678069,1.1750424,262,26.200000000000003,6.8892555,0.935168981552124,0.26294872,0.109771095,0.17023072,0.9885496183206107,0.0,0.011450381679389313,False,False,False,False,0.0,False,-1,-1,-1.0,False,True,Success
EASY / OPEN_6,EASY / OPEN,Champion,True,False,False,6.477223075288859,1.1601558,283,28.3,5.946685,0.913671612739563,0.21002379,-0.09393734,0.16434152,0.9858657243816255,0.0,0.014134275618374558,False,False,False,False,0.0,False,-1,-1,-1.0,False,True,Success
EASY / OPEN_7,EASY / OPEN,Champion,True,False,False,6.565524927980266,1.1638849,253,25.3,6.1576643,0.897934079170227,0.24338594,0.0058331816,0.1368623,1.0,0.0,0.0,False,False,False,False,0.0,False,-1,-1,-1.0,False,True,Success
EASY / OPEN_8,EASY / OPEN,Champion,True,False,False,4.364662785060325,1.1885393,232,23.200000000000003,4.446188,0.6337933540344238,0.19096215,-0.19643715,0.24025154,0.9396551724137931,0.004310344827586207,0.05603448275862069,False,False,False,False,0.0,False,-1,-1,-1.0,False,True,Success
EASY / OPEN_9,EASY / OPEN,Champion,True,False,False,4.217305433892203,1.1692996,260,26.0,5.676995,0.6072133779525757,0.21748877,-0.050630298,0.25613078,0.9192307692307692,0.0038461538461538464,0.07692307692307693,False,False,False,False,0.0,False,-1,-1,-1.0,False,True,Success
EASY / OPEN_10,EASY / OPEN,Champion,False,False,True,6.711510929014312,1.2073566,800,80.0,6.035298,0.8788294792175293,-0.07544117,-0.08666983,0.08998878,0.0,0.90125,0.09875,False,False,False,False,0.0,False,-1,-1,-1.0,False,False,Timeout
EASY / OPEN_11,EASY / OPEN,Champion,True,False,False,5.321360167458141,1.1662104,271,27.1,4.4069924,0.8785042762756348,0.16181435,-0.11760182,0.19658549,0.9040590405904059,0.0036900369003690036,0.09225092250922509,False,False,False,False,0.0,False,-1,-1,-1.0,False,True,Success
EASY / OPEN_12,EASY / OPEN,Champion,False,True,False,4.88672409932348,3.97891,447,44.7,5.836119,0.30057355761528015,0.111293286,0.008126837,0.19032626,0.48322147651006714,0.008948545861297539,0.5078299776286354,True,False,False,False,0.13035056,False,232,-1,-1.0,False,False,Collision
EASY / OPEN_13,EASY / OPEN,Champion,True,False,False,4.328045537572764,1.1577408,204,20.400000000000002,3.7877095,0.7832276821136475,0.18475758,-0.14892796,0.23433651,0.9362745098039216,0.0,0.06372549019607843,False,False,False,False,0.0,False,-1,-1,-1.0,False,True,Success
EASY / OPEN_14,EASY / OPEN,Champion,False,True,False,4.670243380555228,8.648712,161,16.1,1.722418,0.30056652426719666,0.10233829,-0.008981883,0.20717277,0.7142857142857143,0.0,0.2857142857142857,True,False,False,False,0.15698206,False,62,67,0.3852959871292114,True,False,Collision
EASY / OPEN_15,EASY / OPEN,Champion,False,False,True,5.416722803217775,1.2426175,800,80.0,5.9367046,0.30000561475753784,0.01966169,0.011456371,0.111585096,0.24625,0.11625,0.6375,False,False,False,False,0.09332484,False,164,-1,-1.0,False,False,Timeout
EASY / OPEN_16,EASY / OPEN,Champion,False,True,False,5.284805933609274,10.010425,162,16.2,1.6100602,0.3000740110874176,0.09677096,-0.019471807,0.21084513,0.6604938271604939,0.006172839506172839,0.3333333333333333,True,False,False,False,0.16003296,False,61,66,0.3825531601905823,True,False,Collision
EASY / OPEN_17,EASY / OPEN,Champion,True,False,False,2.0174757654019295,1.1995916,115,11.5,1.5586368,0.9178667068481445,0.13301472,-0.3120384,0.34956166,0.8347826086956521,0.008695652173913044,0.1565217391304348,False,False,False,False,0.0,False,-1,-1,-1.0,False,True,Success
EASY / OPEN_18,EASY / OPEN,Champion,False,False,True,5.155645087027826,3.443911,800,80.0,7.7860465,0.30009791254997253,0.07744234,0.10659923,0.20081036,0.33625,0.0,0.66375,False,False,False,False,0.18297233,False,162,171,0.42031222581863403,True,False,Timeout
EASY / OPEN_19,EASY / OPEN,Champion,True,False,False,4.511558786930635,1.1628447,359,35.9,5.1738553,0.4486497938632965,0.063511856,0.002441612,0.11644728,0.5793871866295265,0.3871866295264624,0.033426183844011144,False,False,True,False,0.07390577,False,237,-1,-1.0,False,True,Success
EASY / OPEN_20,EASY / OPEN,Champion,True,False,False,2.5008195259469628,1.1803105,155,15.5,3.195076,0.8243893384933472,0.20570228,-0.036183406,0.30095312,0.9483870967741935,0.0,0.05161290322580645,False,False,False,False,0.0,False,-1,-1,-1.0,False,True,Success
EASY / OPEN_21,EASY / OPEN,Champion,True,False,False,7.758050331605054,1.1968347,393,39.300000000000004,7.014102,0.3037691116333008,0.17740245,-0.05851523,0.18083127,0.9440203562340967,0.0,0.05597964376590331,False,False,True,True,0.22353669,False,179,195,0.3282478451728821,True,True,Success
EASY / OPEN_22,EASY / OPEN,Champion,True,False,False,2.9355980432331172,1.1912496,215,21.5,4.1734166,0.3266885578632355,0.19322824,-0.023347396,0.3275069,0.9441860465116279,0.004651162790697674,0.05116279069767442,False,False,True,True,0.42348948,False,196,196,0.4391716718673706,True,True,Success
EASY / OPEN_23,EASY / OPEN,Champion,True,False,False,7.36912463429191,1.1788522,353,35.300000000000004,6.2301455,0.5844836831092834,0.17595644,-0.09291425,0.15800843,0.9603399433427762,0.0028328611898017,0.036827195467422094,False,False,False,False,0.0,False,-1,-1,-1.0,False,True,Success
EASY / OPEN_24,EASY / OPEN,Champion,True,False,False,3.426578210005324,1.1860789,230,23.0,4.278328,0.3036786615848541,0.18435365,0.029247666,0.23571233,0.8260869565217391,0.0,0.17391304347826086,False,False,True,True,0.16133107,False,51,51,0.4463768005371094,True,True,Success
EASY / OPEN_25,EASY / OPEN,Champion,True,False,False,4.979072975355784,1.1747637,239,23.900000000000002,4.207799,0.8555669188499451,0.17568633,-0.14160262,0.21645106,0.9163179916317992,0.0,0.08368200836820083,False,False,False,False,0.0,False,-1,-1,-1.0,False,True,Success
EASY / OPEN_26,EASY / OPEN,Champion,False,True,False,5.175542505241767,3.8888075,381,38.1,7.318203,0.3001393675804138,0.17535652,-0.009878574,0.1794398,0.7034120734908137,0.06561679790026247,0.23097112860892388,True,False,False,False,0.07422957,False,168,-1,-1.0,False,False,Collision
EASY / OPEN_27,EASY / OPEN,Champion,True,False,False,3.4972149406202395,1.1945153,190,19.0,4.387256,0.5646839737892151,0.23080258,-0.03081693,0.2706487,0.9421052631578948,0.0,0.05789473684210526,False,False,False,False,0.0,False,-1,-1,-1.0,False,True,Success
EASY / OPEN_28,EASY / OPEN,Champion,True,False,False,7.200161394363652,1.1742063,326,32.6,6.504333,0.7816405296325684,0.19951946,-0.049098793,0.1654857,0.9815950920245399,0.0,0.018404907975460124,False,False,False,False,0.0,False,-1,-1,-1.0,False,True,Success
EASY / OPEN_29,EASY / OPEN,Champion,False,True,False,4.241100566466139,3.8580816,207,20.700000000000003,4.7955685,0.30260366201400757,0.2316699,0.05886212,0.13997355,0.9855072463768116,0.0,0.014492753623188406,True,False,False,False,0.12323316,False,147,206,0.3956146836280823,True,False,Collision
EASY / OPEN_30,EASY / OPEN,Champion,True,False,False,4.868054604964335,1.1881498,234,23.400000000000002,4.5151324,0.7135337591171265,0.19148383,-0.14733842,0.22779183,0.9358974358974359,0.004273504273504274,0.05982905982905983,False,False,False,False,0.0,False,-1,-1,-1.0,False,True,Success
WALL-BLOCKED_1,WALL-BLOCKED,Champion,False,True,False,8.031530507497086,4.418208,347,34.7,8.26063,0.30055275559425354,0.23722443,-0.061826143,0.19699724,0.9135446685878963,0.002881844380403458,0.08357348703170028,True,False,False,False,0.092449486,True,296,-1,-1.0,False,False,Collision
WALL-BLOCKED_2,WALL-BLOCKED,Champion,True,False,False,6.615516411693537,1.1992068,473,47.300000000000004,7.9625683,0.3010369539260864,0.16815524,-0.08895727,0.23019181,0.9661733615221987,0.0,0.03382663847780127,False,False,True,True,0.35750243,True,263,264,0.4089716076850891,True,True,Success
WALL-BLOCKED_3,WALL-BLOCKED,Champion,False,True,False,7.079107274118698,5.957745,367,36.7,6.8227077,0.300733357667923,0.18319218,-0.0037740658,0.17813969,0.7220708446866485,0.0,0.2779291553133515,False,False,False,False,0.1205008,True,262,264,0.3892635703086853,True,False,Collision
WALL-BLOCKED_4,WALL-BLOCKED,Champion,False,True,False,6.039485459503695,1.207696,353,35.300000000000004,5.6782126,0.30124393105506897,0.16084768,-0.25202167,0.31658185,0.9518413597733711,0.0,0.04815864022662889,False,False,False,False,0.5669699,True,272,275,0.3744552731513977,True,False,Collision
WALL-BLOCKED_5,WALL-BLOCKED,Champion,False,True,False,6.33154302960143,5.1885433,292,29.200000000000003,6.9967237,0.3001750707626343,0.23872046,-0.043978725,0.22061978,0.8493150684931506,0.003424657534246575,0.14726027397260275,False,False,False,False,0.18247066,True,242,242,0.42916691303253174,True,False,Collision
WALL-BLOCKED_6,WALL-BLOCKED,Champion,False,True,False,4.095278463228152,1.2139552,239,23.900000000000002,5.257591,0.30169668793678284,0.21990544,-0.04211755,0.23944661,0.9623430962343096,0.0,0.03765690376569038,False,False,False,False,0.24707113,True,195,204,0.31424373388290405,True,False,Collision
WALL-BLOCKED_7,WALL-BLOCKED,Champion,False,True,False,3.8491031903995876,7.126824,315,31.5,3.3633304,0.3980785608291626,-0.106772356,-0.047078818,0.088628426,0.0,0.9904761904761905,0.009523809523809525,True,False,False,False,0.05503049,True,314,-1,-1.0,False,False,Collision
WALL-BLOCKED_8,WALL-BLOCKED,Champion,True,False,False,6.979211350179971,1.1841629,362,36.2,6.5631385,0.30274713039398193,0.17618537,-0.078911446,0.17348251,0.930939226519337,0.03314917127071823,0.03591160220994475,False,False,True,True,0.06484987,True,185,-1,-1.0,False,True,Success
WALL-BLOCKED_9,WALL-BLOCKED,Champion,False,True,False,6.83274119403462,8.530368,333,33.300000000000004,5.771913,0.30031177401542664,0.15833627,-0.06838132,0.17243169,0.6546546546546547,0.0960960960960961,0.24924924924924924,False,False,False,False,0.05789814,True,204,204,0.4247150421142578,True,False,Collision
WALL-BLOCKED_10,WALL-BLOCKED,Champion,True,False,False,3.188467156911748,1.1960546,287,28.700000000000003,5.9814277,0.30143141746520996,0.2079634,-0.07964426,0.21408182,0.9547038327526133,0.0,0.04529616724738676,False,False,True,True,0.12084789,True,188,-1,-1.0,False,True,Success
WALL-BLOCKED_11,WALL-BLOCKED,Champion,True,False,False,6.50314896268997,1.1582584,297,29.700000000000003,7.1187973,0.7407186031341553,0.22387645,-0.09573985,0.23632075,0.9090909090909091,0.05723905723905724,0.03367003367003367,False,False,False,False,0.0,True,-1,-1,-1.0,False,True,Success
WALL-BLOCKED_12,WALL-BLOCKED,Champion,False,True,False,6.669950496595618,1.2123647,786,78.60000000000001,5.7327614,0.3000076413154602,0.030510103,0.0072730915,0.12817778,0.2480916030534351,0.12340966921119594,0.628498727735369,True,False,False,False,0.084881715,True,177,181,0.31884291768074036,True,False,Collision
WALL-BLOCKED_13,WALL-BLOCKED,Champion,True,False,False,6.7838269911256805,1.1437321,300,30.0,7.101583,0.6370507478713989,0.23351024,-0.080700725,0.23420158,0.9366666666666666,0.01,0.05333333333333334,False,False,False,False,0.0,True,-1,-1,-1.0,False,True,Success
WALL-BLOCKED_14,WALL-BLOCKED,Champion,True,False,False,7.059453387241026,1.1894298,367,36.7,7.2264667,0.3030484914779663,0.19575958,-0.053599644,0.19591695,0.9264305177111717,0.0,0.07356948228882834,False,False,True,True,0.23085518,True,194,198,0.41180071234703064,True,True,Success
WALL-BLOCKED_15,WALL-BLOCKED,Champion,False,True,False,7.161988319084942,9.93106,389,38.900000000000006,5.5145926,0.3001125752925873,0.101333514,-0.06389738,0.15290846,0.46786632390745503,0.15424164524421594,0.37789203084832906,True,False,False,False,0.045092236,True,176,-1,-1.0,False,False,Collision
WALL-BLOCKED_16,WALL-BLOCKED,Champion,True,False,False,2.934122900182789,1.183713,421,42.1,7.896675,0.30042627453804016,0.14003018,-0.032352485,0.21813539,0.7054631828978623,0.24228028503562946,0.052256532066508314,False,False,True,True,0.1355579,True,343,345,0.3969219923019409,True,True,Success
WALL-BLOCKED_17,WALL-BLOCKED,Champion,False,True,False,5.862310116315263,6.942806,289,28.900000000000002,5.3173213,0.3003368675708771,0.16514537,-0.08782302,0.20142671,0.6816608996539792,0.09688581314878893,0.22145328719723184,True,False,False,False,0.0510893,True,198,198,0.4375307559967041,True,False,Collision
WALL-BLOCKED_18,WALL-BLOCKED,Champion,False,False,True,7.514260529966882,1.2238994,800,80.0,11.037335,0.31312552094459534,0.065155834,-0.16049352,0.22327948,0.525,0.39625,0.07875,False,False,False,False,0.12137533,True,668,669,0.41183364391326904,True,False,Timeout
WALL-BLOCKED_19,WALL-BLOCKED,Champion,True,False,False,2.9237472983097392,1.1972373,161,16.1,2.8754253,0.4179569482803345,0.17820676,-0.18266264,0.27848023,0.937888198757764,0.0,0.062111801242236024,False,False,True,False,0.2345141,True,130,130,0.4427885413169861,True,True,Success
WALL-BLOCKED_20,WALL-BLOCKED,Champion,False,False,True,6.314218082365858,12.0,800,80.0,5.7860303,0.8596473932266235,-0.07232536,-0.01940894,0.101752564,0.0,0.95125,0.04875,False,False,False,False,0.0,True,-1,-1,-1.0,False,False,Timeout
WALL-BLOCKED_21,WALL-BLOCKED,Champion,True,False,False,6.956311720920505,1.1836859,486,48.6,7.7420573,0.3026948869228363,0.15881291,-0.09430208,0.20676726,0.9403292181069959,0.00205761316872428,0.05761316872427984,False,False,True,True,0.27373013,True,273,278,0.3428257405757904,True,True,Success
WALL-BLOCKED_22,WALL-BLOCKED,Champion,False,False,True,5.645981228988503,12.0,800,80.0,5.663426,0.9267206192016602,-0.07059792,-0.02149734,0.12642343,0.0,0.665,0.335,False,False,False,False,0.0,True,-1,-1,-1.0,False,False,Timeout
WALL-BLOCKED_23,WALL-BLOCKED,Champion,True,False,False,3.360907938130567,1.1976959,269,26.900000000000002,4.2077527,0.5092329978942871,0.1483412,-0.20251802,0.24529134,0.895910780669145,0.040892193308550186,0.06319702602230483,False,False,False,False,0.0,True,-1,-1,-1.0,False,True,Success
WALL-BLOCKED_24,WALL-BLOCKED,Champion,False,False,True,5.683294785329879,12.0,800,80.0,9.4351015,0.8534865379333496,-0.063043244,-0.010187872,0.09660059,0.2,0.66875,0.13125,False,False,False,False,0.0,True,-1,-1,-1.0,False,False,Timeout
WALL-BLOCKED_25,WALL-BLOCKED,Champion,True,False,False,3.8925426289368716,1.1877434,461,46.1,6.9875994,0.39144790172576904,0.105812296,-0.05513832,0.17190674,0.7440347071583514,0.2017353579175705,0.05422993492407809,False,False,True,False,0.074826196,True,195,371,0.43769752979278564,True,True,Success
WALL-BLOCKED_26,WALL-BLOCKED,Champion,False,True,False,6.493275904419865,1.233788,311,31.1,4.941785,0.3005335330963135,0.14916864,-0.117840916,0.25050852,0.8295819935691319,0.03536977491961415,0.13504823151125403,True,False,False,False,0.17058364,True,219,224,0.3236819803714752,True,False,Collision
WALL-BLOCKED_27,WALL-BLOCKED,Champion,True,False,False,6.876797236444674,1.1878655,275,27.5,7.21011,0.925352931022644,0.2621859,0.04004449,0.12553218,0.9890909090909091,0.0,0.01090909090909091,False,False,False,False,0.0,True,-1,-1,-1.0,False,True,Success
WALL-BLOCKED_28,WALL-BLOCKED,Champion,True,False,False,3.906375526996915,1.1742994,282,28.200000000000003,6.272736,0.30152082443237305,0.22223105,-0.025796764,0.20233034,0.975177304964539,0.0,0.024822695035460994,False,False,True,True,0.20287317,True,191,191,0.4466911554336548,True,True,Success
WALL-BLOCKED_29,WALL-BLOCKED,Champion,False,False,True,6.6441648901500265,12.0,800,80.0,12.005459,0.8821519613265991,-0.064209305,-0.0028621554,0.15650527,0.21375,0.72125,0.065,False,False,False,False,0.0,True,-1,-1,-1.0,False,False,Timeout
WALL-BLOCKED_30,WALL-BLOCKED,Champion,False,False,True,3.9688091620432733,1.2372566,800,80.0,5.732738,0.9195214509963989,-0.071659096,-0.080824286,0.087545775,0.0,0.8375,0.1625,False,False,False,False,0.0,True,-1,-1,-1.0,False,False,Timeout
COMPLEX OBSTACLE_1,COMPLEX OBSTACLE,Champion,False,True,False,7.469207007360053,12.0,303,30.3,3.2323763,0.3037257492542267,-0.10667905,-0.045653228,0.114638954,0.0,1.0,0.0,True,False,False,False,0.07132906,True,302,-1,-1.0,False,False,Collision
COMPLEX OBSTACLE_2,COMPLEX OBSTACLE,Champion,True,False,False,7.2804115316667275,1.171562,430,43.0,7.519198,0.3027503490447998,0.17408307,-0.14084056,0.23468351,0.9604651162790697,0.002325581395348837,0.037209302325581395,False,False,True,True,0.16556689,True,215,221,0.3071710169315338,True,True,Success
COMPLEX OBSTACLE_3,COMPLEX OBSTACLE,Champion,False,False,True,5.142704932113206,4.5418844,800,80.0,8.683156,0.44324570894241333,0.008414818,-0.01610433,0.06501821,0.2475,0.7325,0.02,False,False,False,False,0.12209213,True,58,-1,-1.0,False,False,Timeout
COMPLEX OBSTACLE_4,COMPLEX OBSTACLE,Champion,False,True,False,7.193320387186638,1.2209061,335,33.5,5.2542357,0.30017128586769104,0.15449111,-0.110953234,0.2596598,0.7910447761194029,0.005970149253731343,0.20298507462686566,False,False,False,False,0.17135336,True,227,227,0.43582212924957275,True,False,Collision
COMPLEX OBSTACLE_5,COMPLEX OBSTACLE,Champion,False,False,True,6.802798748996336,1.2411829,800,80.0,7.6236963,0.3003702163696289,0.017033298,0.0068535437,0.13805333,0.26,0.61,0.13,False,False,False,False,0.07657734,True,203,209,0.35492992401123047,True,False,Timeout
COMPLEX OBSTACLE_6,COMPLEX OBSTACLE,Champion,False,True,False,6.571595773509212,1.2232476,360,36.0,3.611926,0.30168065428733826,0.07873801,0.04723511,0.19849502,0.4583333333333333,0.011111111111111112,0.5305555555555556,False,False,False,False,0.19591609,True,171,180,0.34157171845436096,True,False,Collision
COMPLEX OBSTACLE_7,COMPLEX OBSTACLE,Champion,True,False,False,3.9393741757938088,1.198668,191,19.1,4.0031443,0.6199579834938049,0.20958872,-0.026166528,0.19541267,0.9685863874345549,0.0,0.031413612565445025,False,False,False,False,0.0,True,-1,-1,-1.0,False,True,Success
COMPLEX OBSTACLE_8,COMPLEX OBSTACLE,Champion,False,False,True,3.8502317259254264,9.570175,800,80.0,11.721896,0.9258154630661011,-0.06559857,0.0019999086,0.17650631,0.2075,0.71125,0.08125,False,False,False,False,0.0,True,-1,-1,-1.0,False,False,Timeout
COMPLEX OBSTACLE_9,COMPLEX OBSTACLE,Champion,False,False,True,7.469942469316514,1.2139484,800,80.0,6.132912,0.9155586957931519,-0.07666139,-0.076031245,0.080053635,0.0,0.97,0.03,False,False,False,False,0.0,True,-1,-1,-1.0,False,False,Timeout
COMPLEX OBSTACLE_10,COMPLEX OBSTACLE,Champion,True,False,False,4.2328235428270355,1.1898646,281,28.1,5.106154,0.3161708116531372,0.14997754,-0.046029173,0.2110858,0.7722419928825622,0.11743772241992882,0.1103202846975089,False,False,True,True,0.20851463,True,263,263,0.4448873698711395,True,True,Success
COMPLEX OBSTACLE_11,COMPLEX OBSTACLE,Champion,False,True,False,8.013067729532299,2.993096,340,34.0,8.263547,0.300182968378067,0.24296112,0.04853304,0.11128146,0.9882352941176471,0.0,0.011764705882352941,True,False,False,False,0.06034818,True,289,-1,-1.0,False,False,Collision
COMPLEX OBSTACLE_12,COMPLEX OBSTACLE,Champion,True,False,False,9.012454867061201,1.167403,432,43.2,8.165377,0.34519094228744507,0.18894652,-0.08987552,0.16058908,0.9791666666666666,0.0,0.020833333333333332,False,False,True,True,0.21223265,True,166,166,0.4469486474990845,True,True,Success
COMPLEX OBSTACLE_13,COMPLEX OBSTACLE,Champion,False,True,False,7.032752663057466,3.112733,643,64.3,9.521668,0.30005165934562683,0.05572094,-0.115309924,0.15600716,0.578538102643857,0.37169517884914466,0.049766718506998445,False,False,False,False,0.09142887,True,139,139,0.4350453019142151,True,False,Collision
COMPLEX OBSTACLE_14,COMPLEX OBSTACLE,Champion,True,False,False,6.475680828573462,1.2321922,365,36.5,6.556587,0.3009754717350006,0.17963248,-0.11228914,0.2044855,0.9671232876712329,0.0,0.03287671232876712,False,False,True,True,0.15630683,True,199,199,0.436762273311615,True,True,Success
COMPLEX OBSTACLE_15,COMPLEX OBSTACLE,Champion,False,True,False,7.132713949769165,12.0,226,22.6,3.1067371,0.300395667552948,0.047824673,-0.112890795,0.25493562,0.4690265486725664,0.3053097345132743,0.22566371681415928,True,False,False,False,0.13001157,True,136,-1,-1.0,False,False,Collision
COMPLEX OBSTACLE_16,COMPLEX OBSTACLE,Champion,False,True,False,6.392603904267082,1.2316027,596,59.6,7.183845,0.30049946904182434,0.013514048,-0.10730661,0.1621719,0.42449664429530204,0.5100671140939598,0.06543624161073826,False,False,False,False,0.20102364,True,565,568,0.36742374300956726,True,False,Collision
COMPLEX OBSTACLE_17,COMPLEX OBSTACLE,Champion,False,True,False,7.366521338410173,12.0,786,78.60000000000001,6.43698,0.3980731964111328,-0.081895374,-0.017227944,0.13613893,0.0,0.9987277353689568,0.001272264631043257,True,False,False,False,0.08312037,True,785,-1,-1.0,False,False,Collision
COMPLEX OBSTACLE_18,COMPLEX OBSTACLE,Champion,True,False,False,6.456127640736206,1.1959655,417,41.7,7.6775393,0.3000359833240509,0.17865029,-0.081303924,0.18154202,0.9376498800959233,0.026378896882494004,0.03597122302158273,False,False,True,True,0.13709888,True,216,226,0.3113881051540375,True,True,Success
COMPLEX OBSTACLE_19,COMPLEX OBSTACLE,Champion,True,False,False,8.190315604424296,1.1645132,693,69.3,10.1157465,0.30148354172706604,0.09737165,-0.087867446,0.17887805,0.7417027417027418,0.21212121212121213,0.046176046176046176,False,False,True,True,0.30401507,True,416,419,0.3751446604728699,True,True,Success
COMPLEX OBSTACLE_20,COMPLEX OBSTACLE,Champion,False,True,False,8.49199131060584,12.0,138,13.8,2.257967,0.30133768916130066,0.16232964,-0.15446036,0.23163217,0.8695652173913043,0.007246376811594203,0.12318840579710146,False,False,False,False,0.23251319,True,51,64,0.3404645621776581,True,False,Collision
COMPLEX OBSTACLE_21,COMPLEX OBSTACLE,Champion,True,False,False,5.042751077707575,1.1870838,351,35.1,5.977381,0.3793579936027527,0.16987261,-0.1249646,0.20736557,0.9515669515669516,0.002849002849002849,0.045584045584045586,False,False,True,False,0.15473132,True,264,264,0.44770097732543945,True,True,Success
COMPLEX OBSTACLE_22,COMPLEX OBSTACLE,Champion,False,False,True,7.517688526993542,9.355908,800,80.0,7.643375,0.30000096559524536,0.025298674,0.019106595,0.11390198,0.23,0.32625,0.44375,False,False,False,False,0.07245492,True,155,187,0.31935590505599976,True,False,Timeout
COMPLEX OBSTACLE_23,COMPLEX OBSTACLE,Champion,False,True,False,7.076402936488265,1.2036333,248,24.8,3.8918645,0.30024826526641846,0.15625301,-0.058033984,0.21912743,0.8104838709677419,0.004032258064516129,0.18548387096774194,False,False,False,False,0.22547118,True,77,78,0.43268507719039917,True,False,Collision
COMPLEX OBSTACLE_24,COMPLEX OBSTACLE,Champion,True,False,False,3.7300005207405342,1.1846784,549,54.900000000000006,8.135602,0.46200549602508545,0.061146915,-0.1009907,0.19359423,0.5865209471766849,0.3533697632058288,0.060109289617486336,False,False,False,False,0.0,True,-1,-1,-1.0,False,True,Success
COMPLEX OBSTACLE_25,COMPLEX OBSTACLE,Champion,True,False,False,9.165809680820194,1.1956234,455,45.5,7.5775514,0.3035828769207001,0.16585322,-0.07195469,0.14451835,0.9428571428571428,0.004395604395604396,0.05274725274725275,False,False,True,True,0.12519963,True,166,211,0.44708889722824097,True,True,Success
COMPLEX OBSTACLE_26,COMPLEX OBSTACLE,Champion,False,True,False,5.714905632926805,1.2461455,290,29.0,4.7959247,0.3000665009021759,0.12843603,-0.03807639,0.26125062,0.7310344827586207,0.18275862068965518,0.08620689655172414,False,False,False,False,0.4938363,True,231,244,0.3532390594482422,True,False,Collision
COMPLEX OBSTACLE_27,COMPLEX OBSTACLE,Champion,True,False,False,7.340380764896453,1.1678792,398,39.800000000000004,7.334388,0.30113357305526733,0.18428111,-0.047811825,0.17555009,0.9195979899497487,0.0,0.08040201005025126,False,False,True,True,0.2337457,True,201,211,0.34951916337013245,True,True,Success
COMPLEX OBSTACLE_28,COMPLEX OBSTACLE,Champion,False,False,True,6.168810446289273,8.40263,800,80.0,9.385807,0.5580240488052368,0.004006806,0.008854835,0.084395885,0.25375,0.69625,0.05,False,False,False,False,0.0,True,-1,-1,-1.0,False,False,Timeout
COMPLEX OBSTACLE_29,COMPLEX OBSTACLE,Champion,False,True,False,5.348364123222155,1.204599,317,31.700000000000003,5.1518555,0.30167463421821594,0.15718004,-0.20327877,0.26549187,0.861198738170347,0.031545741324921134,0.10725552050473186,False,False,False,False,0.4540429,True,265,271,0.3364926278591156,True,False,Collision
COMPLEX OBSTACLE_30,COMPLEX OBSTACLE,Champion,True,False,False,3.9536941623341995,1.1936101,293,29.3,4.990282,0.3001384139060974,0.08203439,-0.16908689,0.19085725,0.6484641638225256,0.310580204778157,0.040955631399317405,False,False,True,True,0.09525457,True,169,-1,-1.0,False,True,Success
TOP_LEFT_1,TOP_LEFT,Champion,False,True,False,8.087984826760298,1.2259028,710,71.0,9.203114,0.3014819324016571,0.023042781,-0.12392902,0.16478245,0.4225352112676056,0.5521126760563381,0.02535211267605634,False,False,False,False,0.3283417,True,632,637,0.3420126736164093,True,False,Collision
TOP_LEFT_2,TOP_LEFT,Champion,False,True,False,4.911520644563392,8.665674,220,22.0,3.2870877,0.3014005720615387,0.06907142,-0.07908297,0.2723703,0.7,0.2590909090909091,0.04090909090909091,False,False,False,False,0.23291229,True,130,137,0.3123565912246704,True,False,Collision
TOP_LEFT_3,TOP_LEFT,Champion,False,True,False,5.347241529139723,1.2267992,411,41.1,6.635864,0.300137996673584,0.10944484,-0.061362177,0.19081983,0.7420924574209246,0.22141119221411193,0.0364963503649635,False,False,False,False,0.29249004,True,175,183,0.3741242289543152,True,False,Collision
TOP_LEFT_4,TOP_LEFT,Champion,False,True,False,7.65773134703719,1.2143977,364,36.4,6.1760697,0.3013187348842621,0.15226737,-0.17469862,0.2374448,0.8846153846153846,0.06593406593406594,0.04945054945054945,False,False,False,False,0.3008591,True,282,285,0.36043447256088257,True,False,Collision
TOP_LEFT_5,TOP_LEFT,Champion,False,True,False,6.238253145957749,12.0,218,21.8,3.079736,0.3005598187446594,0.060172096,-0.11523192,0.26302764,0.6376146788990825,0.2981651376146789,0.06422018348623854,True,False,False,False,0.19183108,True,135,151,0.4182562828063965,True,False,Collision
TOP_LEFT_6,TOP_LEFT,Champion,True,False,False,4.95194829050726,1.1949044,739,73.9,9.665235,0.37376275658607483,-0.004220293,-0.12593539,0.16068903,0.36129905277401897,0.6197564276048715,0.018944519621109608,False,False,True,False,0.17129439,True,570,590,0.41037076711654663,True,True,Success
TOP_LEFT_7,TOP_LEFT,Champion,False,True,False,7.964748214816738,12.0,233,23.3,3.324887,0.3006417155265808,0.034262404,-0.13266848,0.2406774,0.5278969957081545,0.4248927038626609,0.04721030042918455,False,False,False,False,0.18235527,True,168,171,0.3691505789756775,True,False,Collision
TOP_LEFT_8,TOP_LEFT,Champion,False,True,False,5.180895151469221,1.2430363,376,37.6,5.7398114,0.30051401257514954,0.14766903,-0.12674037,0.26002428,0.8909574468085106,0.023936170212765957,0.0851063829787234,False,False,False,False,0.3588641,True,283,287,0.34982845187187195,True,False,Collision
TOP_LEFT_9,TOP_LEFT,Champion,True,False,False,3.420116531966094,1.1795448,330,33.0,5.2399006,0.30001649260520935,0.040476996,-0.15406595,0.16822453,0.5606060606060606,0.43333333333333335,0.006060606060606061,False,False,True,True,0.13421853,True,221,256,0.36421045660972595,True,True,Success
TOP_LEFT_10,TOP_LEFT,Champion,False,True,False,5.948869084391419,1.2273471,337,33.7,5.584159,0.30092984437942505,0.15875769,-0.22719483,0.3064547,0.9376854599406528,0.02967359050445104,0.032640949554896145,False,False,False,False,0.57166827,True,277,283,0.3359374403953552,True,False,Collision
TOP_RIGHT_1,TOP_RIGHT,Champion,True,False,False,5.657276802021057,1.1710335,321,32.1,6.421918,0.30072107911109924,0.19992732,0.054653417,0.23913102,0.9252336448598131,0.0,0.07476635514018691,False,False,True,True,0.19088918,True,202,219,0.30072107911109924,True,True,Success
TOP_RIGHT_2,TOP_RIGHT,Champion,True,False,False,5.477881239163152,1.182213,287,28.700000000000003,5.4314685,0.3013632297515869,0.18886235,-0.11973545,0.22533241,0.9442508710801394,0.0,0.05574912891986063,False,False,True,True,0.35042685,True,201,201,0.436504065990448,True,True,Success
TOP_RIGHT_3,TOP_RIGHT,Champion,True,False,False,7.6698277954531004,1.182566,318,31.8,7.582723,0.6881011128425598,0.2384366,0.026423719,0.11279383,0.9842767295597484,0.0,0.015723270440251572,False,False,False,False,0.0,True,-1,-1,-1.0,False,True,Success
TOP_RIGHT_4,TOP_RIGHT,Champion,True,False,False,5.1585589952252855,1.1681266,285,28.5,6.099614,0.3523367941379547,0.2134775,-0.07575321,0.22435856,0.9473684210526315,0.0035087719298245615,0.04912280701754386,False,False,True,False,0.3398334,True,223,224,0.42237913608551025,True,True,Success
TOP_RIGHT_5,TOP_RIGHT,Champion,False,True,False,8.205965231714119,5.0214663,327,32.7,8.052233,0.3004878759384155,0.24624588,0.04668989,0.13273557,0.9938837920489296,0.0,0.0061162079510703364,True,False,False,False,0.067655794,True,280,-1,-1.0,False,False,Collision
TOP_RIGHT_6,TOP_RIGHT,Champion,True,False,False,6.460617349232938,1.1871645,404,40.400000000000006,7.0906262,0.3035624623298645,0.13954681,-0.08094177,0.1852771,0.7846534653465347,0.1485148514851485,0.06683168316831684,False,False,True,True,0.2597491,True,267,267,0.43646490573883057,True,True,Success
TOP_RIGHT_7,TOP_RIGHT,Champion,False,True,False,5.834426152895505,8.605532,268,26.8,4.813748,0.3004343807697296,0.17792355,-0.018861195,0.13453321,0.7947761194029851,0.0,0.20522388059701493,True,False,False,False,0.11377692,True,153,198,0.33683857321739197,True,False,Collision
TOP_RIGHT_8,TOP_RIGHT,Champion,True,False,False,7.055516775672517,1.199415,454,45.400000000000006,8.069118,0.32256102561950684,0.17760417,-0.060687874,0.22430788,0.9427312775330396,0.0,0.05726872246696035,False,False,True,True,0.19457126,True,211,214,0.4084841012954712,True,True,Success
TOP_RIGHT_9,TOP_RIGHT,Champion,False,False,True,6.938621840362836,12.0,800,80.0,11.9728985,0.8727498054504395,-0.06229915,-0.0012914899,0.15810168,0.2175,0.71375,0.06875,False,False,False,False,0.0,True,-1,-1,-1.0,False,False,Timeout
TOP_RIGHT_10,TOP_RIGHT,Champion,False,True,False,6.7653507887467885,1.231578,366,36.6,6.379804,0.3004470765590668,0.16032559,-0.0034265586,0.2034942,0.8005464480874317,0.07377049180327869,0.12568306010928962,False,False,False,False,0.1846491,True,202,210,0.33603373169898987,True,False,Collision
BOTTOM_LEFT_1,BOTTOM_LEFT,Champion,True,False,False,4.529803246777972,1.1526846,286,28.6,6.572151,0.6844705939292908,0.22879997,-0.025190288,0.28864327,0.9475524475524476,0.0034965034965034965,0.04895104895104895,False,False,False,False,0.0,False,-1,-1,-1.0,False,True,Success
BOTTOM_LEFT_2,BOTTOM_LEFT,Champion,True,False,False,8.465336785913925,1.1947812,487,48.7,8.137345,0.30029794573783875,0.16672954,-0.16643365,0.22457293,0.9301848049281314,0.0,0.06981519507186858,False,False,True,True,0.23103456,True,217,217,0.4099152088165283,True,True,Success
BOTTOM_LEFT_3,BOTTOM_LEFT,Champion,True,False,False,6.00739359781193,1.1887908,293,29.3,6.328137,0.856123685836792,0.21588899,-0.12035013,0.30265984,0.9761092150170648,0.0,0.023890784982935155,False,False,False,False,0.0,False,-1,-1,-1.0,False,True,Success
BOTTOM_LEFT_4,BOTTOM_LEFT,Champion,True,False,False,7.960226954864958,1.1771773,552,55.2,8.017174,0.3003554940223694,0.13851035,-0.046169013,0.19377095,0.7644927536231884,0.0018115942028985507,0.23369565217391305,False,False,True,True,0.1842733,True,203,216,0.3235991299152374,True,True,Success
BOTTOM_LEFT_5,BOTTOM_LEFT,Champion,False,False,True,7.6150164330531664,10.155953,800,80.0,9.430246,0.5225545763969421,0.014177208,-0.037902344,0.114775255,0.25375,0.64,0.10625,False,False,False,False,0.0,False,-1,-1,-1.0,False,False,Timeout
BOTTOM_LEFT_6,BOTTOM_LEFT,Champion,False,True,False,6.176967516473907,1.201838,416,41.6,4.6274033,0.300066739320755,0.07974201,-0.10741549,0.15777159,0.49278846153846156,0.16826923076923078,0.3389423076923077,True,False,False,False,0.053485878,True,204,205,0.4056686460971832,True,False,Collision
BOTTOM_LEFT_7,BOTTOM_LEFT,Champion,True,False,False,6.588484798438648,1.1737125,543,54.300000000000004,6.9070363,0.3007029592990875,0.121637166,-0.030706592,0.21094862,0.6703499079189686,0.020257826887661142,0.30939226519337015,False,False,True,True,0.1957197,True,202,215,0.3149466812610626,True,True,Success
BOTTOM_LEFT_8,BOTTOM_LEFT,Champion,True,False,False,7.258398681078233,1.1840222,383,38.300000000000004,7.486744,0.30017611384391785,0.19463323,-0.015676774,0.1742241,0.9556135770234987,0.005221932114882507,0.0391644908616188,False,False,True,True,0.18521422,True,180,195,0.3818843960762024,True,True,Success
BOTTOM_LEFT_9,BOTTOM_LEFT,Champion,False,True,False,8.432833357194031,5.3928404,339,33.9,8.305858,0.30112043023109436,0.24408956,-0.06486875,0.19470584,0.943952802359882,0.0029498525073746312,0.05309734513274336,True,False,False,False,0.06026377,True,287,-1,-1.0,False,False,Collision
BOTTOM_LEFT_10,BOTTOM_LEFT,Champion,True,False,False,4.976173469321714,1.1888139,299,29.900000000000002,5.8903546,0.36606988310813904,0.19621156,-0.11803594,0.29179525,0.9498327759197325,0.0,0.05016722408026756,False,False,True,False,0.4079642,False,276,281,0.39889591932296753,True,True,Success
BOTTOM_RIGHT_1,BOTTOM_RIGHT,Champion,True,False,False,3.3142323690184345,1.18382,146,14.600000000000001,2.568645,0.4586186408996582,0.17323826,-0.13687024,0.23087238,0.9246575342465754,0.0136986301369863,0.06164383561643835,False,False,False,False,0.0,False,-1,-1,-1.0,False,True,Success
BOTTOM_RIGHT_2,BOTTOM_RIGHT,Champion,False,False,True,7.394564664810657,1.2082679,800,80.0,5.839007,0.30009886622428894,0.02095909,0.020764012,0.10659563,0.23625,0.115,0.64875,False,False,False,False,0.08709139,True,163,400,0.30750951170921326,True,False,Timeout
BOTTOM_RIGHT_3,BOTTOM_RIGHT,Champion,True,False,False,5.399958197809888,1.1731571,260,26.0,5.8958197,0.4326246976852417,0.22676241,-0.008052681,0.201142,0.9961538461538462,0.0,0.0038461538461538464,False,False,True,False,0.11237477,False,208,208,0.44250863790512085,True,True,Success
BOTTOM_RIGHT_4,BOTTOM_RIGHT,Champion,False,False,True,6.968203125913328,9.268257,800,80.0,7.335697,0.5446591377258301,0.0025145786,-0.04610394,0.07345085,0.195,0.505,0.3,False,False,False,False,0.0,False,-1,-1,-1.0,False,False,Timeout
BOTTOM_RIGHT_5,BOTTOM_RIGHT,Champion,False,False,True,6.85537001578143,8.685942,800,80.0,7.642349,0.5480757355690002,0.000936317,-0.046213258,0.064764604,0.205,0.66,0.135,False,False,False,False,0.0,False,-1,-1,-1.0,False,False,Timeout
BOTTOM_RIGHT_6,BOTTOM_RIGHT,Champion,True,False,False,7.211465396942566,1.1769316,343,34.300000000000004,7.442908,0.7482761144638062,0.2169946,-0.016526422,0.14341205,1.0,0.0,0.0,False,False,False,False,0.0,False,-1,-1,-1.0,False,True,Success
BOTTOM_RIGHT_7,BOTTOM_RIGHT,Champion,False,False,True,5.605283427363893,6.230102,800,80.0,7.726446,0.5401820540428162,-0.012155555,-0.02436306,0.0630644,0.19125,0.805,0.00375,False,False,False,False,0.0,False,-1,-1,-1.0,False,False,Timeout
BOTTOM_RIGHT_8,BOTTOM_RIGHT,Champion,False,False,True,5.402411342892908,4.843072,800,80.0,8.630991,0.5252137780189514,0.006803197,-0.033381637,0.10573353,0.25125,0.7175,0.03125,False,False,False,False,0.0,False,-1,-1,-1.0,False,False,Timeout
BOTTOM_RIGHT_9,BOTTOM_RIGHT,Champion,False,False,True,6.186932525634455,6.715715,800,80.0,8.880484,0.5479270219802856,0.0072864066,-0.032461647,0.059154592,0.2375,0.7425,0.02,False,False,False,False,0.0,True,-1,-1,-1.0,False,False,Timeout
BOTTOM_RIGHT_10,BOTTOM_RIGHT,Champion,True,False,False,3.339471646666123,1.1847286,370,37.0,5.4447174,0.30125218629837036,0.14036116,0.046406493,0.22718108,0.6378378378378379,0.01891891891891892,0.34324324324324323,False,False,True,True,0.2051608,False,63,64,0.4367372393608093,True,True,Success
RANDOM_1,RANDOM,Champion,True,False,False,5.802096279607034,1.1681707,254,25.400000000000002,6.0187826,0.8179720640182495,0.23696004,-0.019021865,0.19252001,0.9921259842519685,0.0,0.007874015748031496,False,False,False,False,0.0,False,-1,-1,-1.0,False,True,Success
RANDOM_2,RANDOM,Champion,True,False,False,3.471909581120444,1.163002,358,35.800000000000004,6.157823,0.7751947045326233,0.09208551,0.04483214,0.14637169,0.5446927374301676,0.4134078212290503,0.04189944134078212,False,False,False,False,0.0,True,-1,-1,-1.0,False,True,Success
RANDOM_3,RANDOM,Champion,False,True,False,6.680948225482649,3.045245,350,35.0,8.142573,0.3002275228500366,0.23215312,0.011699016,0.2036542,0.9057142857142857,0.0,0.09428571428571429,False,False,False,False,0.14877908,True,57,57,0.4370747208595276,True,False,Collision
RANDOM_4,RANDOM,Champion,True,False,False,4.578605600659657,1.1650065,315,31.5,5.854468,0.30091673135757446,0.09986846,-0.1720035,0.20172386,0.6793650793650794,0.2984126984126984,0.022222222222222223,False,False,True,True,0.123034894,False,174,196,0.3018231689929962,True,True,Success
RANDOM_5,RANDOM,Champion,False,False,True,5.100827160127576,6.987415,800,80.0,8.306264,0.5111879110336304,-0.00051779527,-0.038424056,0.077514514,0.1975,0.69,0.1125,False,False,False,False,0.0,False,-1,-1,-1.0,False,False,Timeout
RANDOM_6,RANDOM,Champion,True,False,False,5.0715442869915535,1.1989795,243,24.3,5.738961,0.30012181401252747,0.23510325,-0.14982088,0.30024934,0.9259259259259259,0.00823045267489712,0.06584362139917696,False,False,True,True,0.15622109,False,191,191,0.44182562828063965,True,True,Success
RANDOM_7,RANDOM,Champion,True,False,False,6.077169001967735,1.1907051,287,28.700000000000003,7.2892184,0.9195969700813293,0.24879245,0.026343487,0.160232,0.9303135888501742,0.03484320557491289,0.03484320557491289,False,False,False,False,0.0,True,-1,-1,-1.0,False,True,Success
RANDOM_8,RANDOM,Champion,True,False,False,1.5490466442925073,1.1879385,90,9.0,1.6347146,0.8645033836364746,0.17813954,-0.31140342,0.39679104,0.8777777777777778,0.011111111111111112,0.1111111111111111,False,False,False,False,0.0,False,-1,-1,-1.0,False,True,Success
RANDOM_9,RANDOM,Champion,True,False,False,3.258292197937629,1.1792421,476,47.6,7.242024,0.3678034543991089,0.034614876,-0.16016775,0.17683543,0.5399159663865546,0.4369747899159664,0.023109243697478993,False,False,True,False,0.058874704,True,299,-1,-1.0,False,True,Success
RANDOM_10,RANDOM,Champion,False,True,False,6.618611201139298,6.4884696,224,22.400000000000002,5.0733585,0.3013204038143158,0.22487001,-0.14284714,0.3058631,0.8125,0.004464285714285714,0.18303571428571427,False,False,False,False,0.19093361,False,181,182,0.41819870471954346,True,False,Collision
RANDOM_11,RANDOM,Champion,False,True,False,7.862711305068345,12.0,280,28.0,3.8518577,0.3002685010433197,0.032982737,-0.121562846,0.26249298,0.5107142857142857,0.40714285714285714,0.08214285714285714,True,False,False,False,0.19317599,True,191,191,0.4499528408050537,True,False,Collision
RANDOM_12,RANDOM,Champion,False,False,True,4.288873002370081,4.1457777,800,80.0,8.192457,0.3000187873840332,0.018065723,-0.07157555,0.12922339,0.2475,0.5275,0.225,False,False,False,False,0.1769951,False,160,170,0.32484596967697144,True,False,Timeout
RANDOM_13,RANDOM,Champion,True,False,False,4.902464626322522,1.135127,278,27.8,5.710875,0.5496222972869873,0.15834674,-0.17765765,0.26308128,0.7661870503597122,0.19424460431654678,0.039568345323741004,False,False,False,False,0.0,False,-1,-1,-1.0,False,True,Success
RANDOM_14,RANDOM,Champion,False,True,False,4.583428265942262,5.212679,480,48.0,5.724254,0.3000437319278717,0.064877264,-0.13941337,0.19679496,0.375,0.20833333333333334,0.4166666666666667,True,False,False,False,0.16037147,False,155,155,0.4416252374649048,True,False,Collision
RANDOM_15,RANDOM,Champion,True,False,False,5.769851659548381,1.1841698,238,23.8,6.5573316,0.9262892603874207,0.2755183,0.013690961,0.16215743,1.0,0.0,0.0,False,False,False,False,0.0,False,-1,-1,-1.0,False,True,Success
RANDOM_16,RANDOM,Champion,True,False,False,2.6784857599597065,1.1988189,174,17.400000000000002,3.7108417,0.5723822116851807,0.21220839,-0.055026423,0.3319627,0.9195402298850575,0.005747126436781609,0.07471264367816093,False,False,False,False,0.0,False,-1,-1,-1.0,False,True,Success
RANDOM_17,RANDOM,Champion,True,False,False,1.6646457107108186,1.1964266,130,13.0,2.6941922,0.9129762649536133,0.20584868,-0.11835918,0.42244563,0.8846153846153846,0.007692307692307693,0.1076923076923077,False,False,False,False,0.0,False,-1,-1,-1.0,False,True,Success
RANDOM_18,RANDOM,Champion,False,False,True,8.583854549749542,12.0,800,80.0,7.167319,0.8987823724746704,-0.019138364,-0.016687764,0.08257347,0.14125,0.77,0.08875,False,False,False,False,0.0,True,-1,-1,-1.0,False,False,Timeout
RANDOM_19,RANDOM,Champion,False,False,True,6.948799692406849,7.7597823,800,80.0,9.29683,0.30002474784851074,0.00127923,-0.03268515,0.08510752,0.2325,0.7025,0.065,False,False,False,False,0.108195856,True,170,180,0.3460618853569031,True,False,Timeout
RANDOM_20,RANDOM,Champion,True,False,False,7.172389149462723,1.1957929,347,34.7,7.6826873,0.771904468536377,0.22140312,-0.028758377,0.1591923,0.9913544668587896,0.0,0.008645533141210375,False,False,False,False,0.0,False,-1,-1,-1.0,False,True,Success
EASY / OPEN_1,EASY / OPEN,Fine-tuned,True,False,False,2.9928030322887293,1.1598825,138,13.8,3.885798,0.4661693572998047,0.28157973,-0.11883133,0.36148766,0.9637681159420289,0.0,0.036231884057971016,False,False,False,False,0.0,False,-1,-1,-1.0,False,True,Success
EASY / OPEN_2,EASY / OPEN,Fine-tuned,False,True,False,6.12398965920149,4.6485224,215,21.5,5.542144,0.3004099428653717,0.25709352,-0.16610196,0.28763473,0.958139534883721,0.0,0.04186046511627907,True,False,False,False,0.08636228,False,173,174,0.411316841840744,True,False,Collision
EASY / OPEN_3,EASY / OPEN,Fine-tuned,True,False,False,5.637265605123043,1.1835924,271,27.1,7.5413756,0.34122875332832336,0.27791068,-0.0778306,0.3244622,0.955719557195572,0.0,0.04428044280442804,False,False,True,True,0.48244497,False,253,254,0.43754124641418457,True,True,Success
EASY / OPEN_4,EASY / OPEN,Fine-tuned,False,False,True,6.3009520966860295,12.0,800,80.0,7.365367,0.940273642539978,-0.09206709,0.0009365824,0.023061574,0.0,1.0,0.0,False,False,False,False,0.0,False,-1,-1,-1.0,False,False,Timeout
EASY / OPEN_5,EASY / OPEN,Fine-tuned,True,False,False,5.53515620678069,1.178971,203,20.3,6.1265388,0.3587145209312439,0.3018005,0.018423857,0.15932097,0.9852216748768473,0.0,0.014778325123152709,False,False,True,False,0.15952682,False,150,158,0.3690730631351471,True,True,Success
EASY / OPEN_6,EASY / OPEN,Fine-tuned,True,False,False,6.477223075288859,1.1502445,216,21.6,6.595211,0.9132287502288818,0.3053345,0.01149054,0.13723569,1.0,0.0,0.0,False,False,False,False,0.0,False,-1,-1,-1.0,False,True,Success
EASY / OPEN_7,EASY / OPEN,Fine-tuned,True,False,False,6.565524927980266,1.1976112,222,22.200000000000003,6.5988135,0.9151265621185303,0.29724437,-0.008973184,0.14908808,1.0,0.0,0.0,False,False,False,False,0.0,False,-1,-1,-1.0,False,True,Success
EASY / OPEN_8,EASY / OPEN,Fine-tuned,True,False,False,4.364662785060325,1.1716032,232,23.200000000000003,6.2284,0.5409959554672241,0.26775283,-0.073142976,0.34368518,0.9525862068965517,0.0,0.04741379310344827,False,False,False,False,0.0,False,-1,-1,-1.0,False,True,Success
EASY / OPEN_9,EASY / OPEN,Fine-tuned,True,False,False,4.217305433892203,1.1544538,216,21.6,6.019463,0.708118736743927,0.27821434,-0.12403668,0.37912577,0.9490740740740741,0.0,0.05092592592592592,False,False,False,False,0.0,False,-1,-1,-1.0,False,True,Success
EASY / OPEN_10,EASY / OPEN,Fine-tuned,False,False,True,6.711510929014312,12.0,800,80.0,7.3875713,0.9335554838180542,-0.09234462,0.0011209663,0.022195328,0.0,1.0,0.0,False,False,False,False,0.0,False,-1,-1,-1.0,False,False,Timeout
EASY / OPEN_11,EASY / OPEN,Fine-tuned,True,False,False,5.321360167458141,1.1747713,214,21.400000000000002,5.7001114,0.5928152203559875,0.26636067,-0.11449905,0.24094062,0.9906542056074766,0.0,0.009345794392523364,False,False,False,False,0.0,False,-1,-1,-1.0,False,True,Success
EASY / OPEN_12,EASY / OPEN,Fine-tuned,False,False,True,4.88672409932348,3.73567,800,80.0,9.306967,0.45483487844467163,0.01265975,-0.043552745,0.08856759,0.21875,0.7125,0.06875,False,False,False,False,0.0,False,-1,-1,-1.0,False,False,Timeout
EASY / OPEN_13,EASY / OPEN,Fine-tuned,True,False,False,4.328045537572764,1.1762568,181,18.1,4.70272,0.703601598739624,0.259819,-0.08161029,0.26445585,0.9834254143646409,0.0,0.016574585635359115,False,False,False,False,0.0,False,-1,-1,-1.0,False,True,Success
EASY / OPEN_14,EASY / OPEN,Fine-tuned,False,True,False,4.670243380555228,7.966262,119,11.9,2.4328582,0.30059176683425903,0.20444193,-0.15947601,0.23367058,1.0,0.0,0.0,False,False,False,False,0.1807179,False,54,55,0.4197932481765747,True,False,Collision
EASY / OPEN_15,EASY / OPEN,Fine-tuned,True,False,False,5.416722803217775,1.1956359,205,20.5,5.931279,0.30213475227355957,0.28933117,-0.11082379,0.19220614,1.0,0.0,0.0,False,False,True,True,0.14538316,False,160,165,0.33814123272895813,True,True,Success
EASY / OPEN_16,EASY / OPEN,Fine-tuned,False,True,False,5.284805933609274,9.971367,104,10.4,2.12877,0.3143866956233978,0.20468943,-0.07199093,0.28579986,1.0,0.0,0.0,True,False,False,False,0.2599108,False,60,65,0.3386595547199249,True,False,Collision
EASY / OPEN_17,EASY / OPEN,Fine-tuned,True,False,False,2.0174757654019295,1.1861109,129,12.9,3.3264253,0.8281664848327637,0.25735056,-0.13665053,0.4798532,0.9612403100775194,0.0,0.03875968992248062,False,False,False,False,0.0,False,-1,-1,-1.0,False,True,Success
EASY / OPEN_18,EASY / OPEN,Fine-tuned,True,False,False,5.155645087027826,1.1847855,214,21.400000000000002,5.6366224,0.6638302803039551,0.2633937,-0.13159828,0.22016943,0.9906542056074766,0.0,0.009345794392523364,False,False,False,False,0.0,False,-1,-1,-1.0,False,True,Success
EASY / OPEN_19,EASY / OPEN,Fine-tuned,False,False,True,4.511558786930635,8.191038,800,80.0,7.187126,0.9364036321640015,-0.08983907,0.0014022089,0.013753329,0.0,1.0,0.0,False,False,False,False,0.0,False,-1,-1,-1.0,False,False,Timeout
EASY / OPEN_20,EASY / OPEN,Fine-tuned,True,False,False,2.5008195259469628,1.1471317,127,12.700000000000001,2.947124,0.5578839182853699,0.23187143,-0.15041246,0.30461445,0.8818897637795275,0.0,0.11811023622047244,False,False,False,False,0.0,False,-1,-1,-1.0,False,True,Success
EASY / OPEN_21,EASY / OPEN,Fine-tuned,True,False,False,7.758050331605054,1.1951811,326,32.6,9.18093,0.39806729555130005,0.2816242,0.013698358,0.20476492,1.0,0.0,0.0,False,False,True,False,0.2740871,False,158,166,0.4107758402824402,True,True,Success
EASY / OPEN_22,EASY / OPEN,Fine-tuned,True,False,False,2.9355980432331172,1.1274346,170,17.0,4.7942348,0.6136723160743713,0.281754,-0.046940193,0.38968155,0.9705882352941176,0.0,0.029411764705882353,False,False,False,False,0.0,False,-1,-1,-1.0,False,True,Success
EASY / OPEN_23,EASY / OPEN,Fine-tuned,False,True,False,7.36912463429191,12.0,107,10.700000000000001,1.9328855,0.3010217249393463,0.1806435,-0.07768845,0.3395902,1.0,0.0,0.0,True,False,False,False,0.31748325,False,59,63,0.36364832520484924,True,False,Collision
EASY / OPEN_24,EASY / OPEN,Fine-tuned,True,False,False,3.426578210005324,1.1637409,141,14.100000000000001,3.8956647,0.8045161962509155,0.2762884,-0.16347367,0.28241616,0.9858156028368794,0.0,0.014184397163120567,False,False,False,False,0.0,False,-1,-1,-1.0,False,True,Success
EASY / OPEN_25,EASY / OPEN,Fine-tuned,True,False,False,4.979072975355784,1.1768587,199,19.900000000000002,5.444093,0.5156763792037964,0.27357277,-0.093693525,0.23536503,1.0,0.0,0.0,False,False,False,False,0.0,False,-1,-1,-1.0,False,True,Success
EASY / OPEN_26,EASY / OPEN,Fine-tuned,True,False,False,5.175542505241767,1.1863049,215,21.5,5.624901,0.669670045375824,0.26162344,-0.15721028,0.2565939,0.9813953488372092,0.0,0.018604651162790697,False,False,False,False,0.0,False,-1,-1,-1.0,False,True,Success
EASY / OPEN_27,EASY / OPEN,Fine-tuned,True,False,False,3.4972149406202395,1.191192,129,12.9,3.9090335,0.89183109998703,0.30302602,0.06163705,0.20314929,1.0,0.0,0.0,False,False,False,False,0.0,False,-1,-1,-1.0,False,True,Success
EASY / OPEN_28,EASY / OPEN,Fine-tuned,True,False,False,7.200161394363652,1.1583772,248,24.8,7.140505,0.8100950717926025,0.28792408,-0.011043919,0.133523,1.0,0.0,0.0,False,False,False,False,0.0,False,-1,-1,-1.0,False,True,Success
EASY / OPEN_29,EASY / OPEN,Fine-tuned,True,False,False,4.241100566466139,1.1692905,176,17.6,4.5476594,0.7435349822044373,0.2578936,0.07609605,0.17171891,0.9431818181818182,0.0,0.056818181818181816,False,False,False,False,0.0,False,-1,-1,-1.0,False,True,Success
EASY / OPEN_30,EASY / OPEN,Fine-tuned,False,True,False,4.868054604964335,9.849748,123,12.3,2.086096,0.3023005425930023,0.16960129,-0.082672305,0.29018465,0.9349593495934959,0.0,0.06504065040650407,False,False,False,False,0.2708009,False,74,75,0.4364405870437622,True,False,Collision
WALL-BLOCKED_1,WALL-BLOCKED,Fine-tuned,False,True,False,8.031530507497086,4.429278,329,32.9,8.480121,0.3002728223800659,0.25766632,-0.087708995,0.2181569,0.8115501519756839,0.0,0.1884498480243161,False,False,False,False,0.15907496,True,262,264,0.38505125045776367,True,False,Collision
WALL-BLOCKED_2,WALL-BLOCKED,Fine-tuned,False,False,True,6.615516411693537,12.0,800,80.0,8.108093,0.7806850671768188,-0.101351134,-0.012571317,0.031805877,0.0,0.94625,0.05375,False,False,False,False,0.0,True,-1,-1,-1.0,False,False,Timeout
WALL-BLOCKED_3,WALL-BLOCKED,Fine-tuned,True,False,False,7.079107274118698,1.1937333,309,30.900000000000002,8.6843195,0.36894649267196655,0.28104654,0.022747273,0.22144434,1.0,0.0,0.0,False,False,True,False,0.14528035,True,156,167,0.37661558389663696,True,True,Success
WALL-BLOCKED_4,WALL-BLOCKED,Fine-tuned,False,False,True,6.039485459503695,12.0,800,80.0,8.746306,0.8824502229690552,-0.09642024,-0.013070148,0.050719466,0.04125,0.895,0.06375,False,False,False,False,0.0,True,-1,-1,-1.0,False,False,Timeout
WALL-BLOCKED_5,WALL-BLOCKED,Fine-tuned,False,True,False,6.33154302960143,4.649017,417,41.7,6.916888,0.30025747418403625,0.14750665,-0.059335154,0.16052553,0.565947242206235,0.05995203836930456,0.37410071942446044,True,False,False,False,0.07390815,True,325,332,0.33081233501434326,True,False,Collision
WALL-BLOCKED_6,WALL-BLOCKED,Fine-tuned,False,False,True,4.095278463228152,9.503773,800,80.0,6.073044,0.923267662525177,-0.07591304,-0.003447919,0.04529183,0.0,1.0,0.0,False,False,False,False,0.0,True,-1,-1,-1.0,False,False,Timeout
WALL-BLOCKED_7,WALL-BLOCKED,Fine-tuned,False,False,True,3.8491031903995876,8.790358,800,80.0,6.156048,0.9251770973205566,-0.076950595,-0.0030853513,0.039170593,0.0,0.9975,0.0025,False,False,False,False,0.0,True,-1,-1,-1.0,False,False,Timeout
WALL-BLOCKED_8,WALL-BLOCKED,Fine-tuned,True,False,False,6.979211350179971,1.1823729,289,28.900000000000002,8.390728,0.37706559896469116,0.29033706,-0.014128114,0.19119428,1.0,0.0,0.0,False,False,True,False,0.17933452,True,162,163,0.4060704708099365,True,True,Success
WALL-BLOCKED_9,WALL-BLOCKED,Fine-tuned,True,False,False,6.83274119403462,1.1771141,281,28.1,7.889263,0.43674933910369873,0.28075725,-0.087786905,0.21764803,0.9857651245551602,0.0,0.014234875444839857,False,False,True,False,0.21754785,True,169,175,0.44454050064086914,True,True,Success
WALL-BLOCKED_10,WALL-BLOCKED,Fine-tuned,False,False,True,3.188467156911748,7.6267476,800,80.0,5.130013,0.9109456539154053,-0.064125136,-0.0073890416,0.08080146,0.0,0.885,0.115,False,False,False,False,0.0,True,-1,-1,-1.0,False,False,Timeout
WALL-BLOCKED_11,WALL-BLOCKED,Fine-tuned,False,True,False,6.50314896268997,3.1202984,240,24.0,6.6660404,0.30426132678985596,0.27671337,-0.18960056,0.3213745,0.9375,0.0,0.0625,False,False,False,False,0.19326459,True,179,189,0.308368444442749,True,False,Collision
WALL-BLOCKED_12,WALL-BLOCKED,Fine-tuned,True,False,False,6.669950496595618,1.1996473,284,28.400000000000002,8.070506,0.3698655068874359,0.28417337,-0.011988014,0.2068476,0.9964788732394366,0.0,0.0035211267605633804,False,False,True,False,0.22881556,True,162,172,0.3750860095024109,True,True,Success
WALL-BLOCKED_13,WALL-BLOCKED,Fine-tuned,False,True,False,6.7838269911256805,5.5870633,252,25.200000000000003,6.0807767,0.3018011748790741,0.22930463,-0.20293476,0.27955008,0.9325396825396826,0.031746031746031744,0.03571428571428571,True,False,False,False,0.1369347,True,179,189,0.32610195875167847,True,False,Collision
WALL-BLOCKED_14,WALL-BLOCKED,Fine-tuned,True,False,False,7.059453387241026,1.1888378,295,29.5,7.921551,0.3528905510902405,0.2652539,0.046798784,0.17254879,0.9525423728813559,0.01694915254237288,0.030508474576271188,False,False,True,False,0.25450242,True,68,68,0.4413885474205017,True,True,Success
WALL-BLOCKED_15,WALL-BLOCKED,Fine-tuned,False,True,False,7.161988319084942,4.2433944,322,32.2,7.2278237,0.30036813020706177,0.22444257,-0.08926674,0.19541687,0.9192546583850931,0.0,0.08074534161490683,True,False,False,False,0.11192351,True,246,264,0.3087637722492218,True,False,Collision
WALL-BLOCKED_16,WALL-BLOCKED,Fine-tuned,False,True,False,2.934122900182789,6.236911,156,15.600000000000001,1.5089906,0.30007943511009216,0.06765042,-0.0021972884,0.18292405,0.27564102564102566,0.10256410256410256,0.6217948717948718,False,False,False,False,0.14474858,True,69,69,0.44768279790878296,True,False,Collision
WALL-BLOCKED_17,WALL-BLOCKED,Fine-tuned,True,False,False,5.862310116315263,1.1972246,248,24.8,7.176158,0.3662298619747162,0.2892617,-0.08142937,0.24469641,0.9798387096774194,0.0,0.020161290322580645,False,False,True,False,0.19749093,True,163,171,0.3662298619747162,True,True,Success
WALL-BLOCKED_18,WALL-BLOCKED,Fine-tuned,True,False,False,7.514260529966882,1.1829935,320,32.0,9.081638,0.37885260581970215,0.28380167,0.011722987,0.21314383,1.0,0.0,0.0,False,False,True,False,0.13441399,True,159,166,0.3928523659706116,True,True,Success
WALL-BLOCKED_19,WALL-BLOCKED,Fine-tuned,False,True,False,2.9237472983097392,1.534259,144,14.4,3.4565845,0.3016461431980133,0.237238,-0.11344274,0.27193642,0.9236111111111112,0.013888888888888888,0.0625,False,False,False,False,0.28052884,True,70,76,0.4134499430656433,True,False,Collision
WALL-BLOCKED_20,WALL-BLOCKED,Fine-tuned,False,False,True,6.314218082365858,12.0,800,80.0,7.6664634,0.9089992046356201,-0.09035711,-0.0074879467,0.04452274,0.0225,0.95625,0.02125,False,False,False,False,0.0,True,-1,-1,-1.0,False,False,Timeout
WALL-BLOCKED_21,WALL-BLOCKED,Fine-tuned,False,False,True,6.956311720920505,12.0,800,80.0,8.595244,0.8835552930831909,-0.09479472,-0.008489689,0.046923567,0.0525,0.88625,0.06125,False,False,False,False,0.0,True,-1,-1,-1.0,False,False,Timeout
WALL-BLOCKED_22,WALL-BLOCKED,Fine-tuned,False,False,True,5.645981228988503,12.0,800,80.0,5.908246,0.9304810166358948,-0.07385306,-0.0027987442,0.038898353,0.0,0.97,0.03,False,False,False,False,0.0,True,-1,-1,-1.0,False,False,Timeout
WALL-BLOCKED_23,WALL-BLOCKED,Fine-tuned,False,False,True,3.360907938130567,5.63739,800,80.0,7.4673653,0.9258310794830322,-0.093342036,-0.0010896553,0.018270886,0.0,1.0,0.0,False,False,False,False,0.0,True,-1,-1,-1.0,False,False,Timeout
WALL-BLOCKED_24,WALL-BLOCKED,Fine-tuned,True,False,False,5.683294785329879,1.1569415,231,23.1,6.4250836,0.41581952571868896,0.27549553,0.031568587,0.19573894,0.9696969696969697,0.012987012987012988,0.017316017316017316,False,False,True,False,0.22331676,True,67,74,0.4375971257686615,True,True,Success
WALL-BLOCKED_25,WALL-BLOCKED,Fine-tuned,False,False,True,3.8925426289368716,8.595951,800,80.0,6.6701794,0.9293813705444336,-0.083377324,-0.003719734,0.029705096,0.0,1.0,0.0,False,False,False,False,0.0,True,-1,-1,-1.0,False,False,Timeout
WALL-BLOCKED_26,WALL-BLOCKED,Fine-tuned,False,True,False,6.493275904419865,4.5389504,321,32.1,6.7485547,0.3002387285232544,0.2073608,-0.10139596,0.21701874,0.7414330218068536,0.0,0.2585669781931464,True,False,False,False,0.0846028,True,206,-1,-1.0,False,False,Collision
WALL-BLOCKED_27,WALL-BLOCKED,Fine-tuned,True,False,False,6.876797236444674,1.1841458,234,23.400000000000002,7.238224,0.5823760628700256,0.30932662,0.014393786,0.13422774,0.9914529914529915,0.0,0.008547008547008548,False,False,False,False,0.0,True,-1,-1,-1.0,False,True,Success
WALL-BLOCKED_28,WALL-BLOCKED,Fine-tuned,False,False,True,3.906375526996915,9.29274,800,80.0,5.185868,0.9036058187484741,-0.064802006,-0.0036006845,0.07290119,0.0,0.79875,0.20125,False,False,False,False,0.0,True,-1,-1,-1.0,False,False,Timeout
WALL-BLOCKED_29,WALL-BLOCKED,Fine-tuned,True,False,False,6.6441648901500265,1.1888603,300,30.0,7.9821467,0.30331313610076904,0.2548943,0.046555277,0.17514248,0.91,0.056666666666666664,0.03333333333333333,False,False,True,True,0.20431049,True,70,70,0.44692671298980713,True,True,Success
WALL-BLOCKED_30,WALL-BLOCKED,Fine-tuned,False,False,True,3.9688091620432733,6.860553,800,80.0,7.4646125,0.9074193239212036,-0.09330769,-0.00075802504,0.025287407,0.0,0.99,0.01,False,False,False,False,0.0,True,-1,-1,-1.0,False,False,Timeout
COMPLEX OBSTACLE_1,COMPLEX OBSTACLE,Fine-tuned,False,False,True,7.469207007360053,12.0,800,80.0,7.707523,0.8803730010986328,-0.08926327,-0.009313334,0.04413823,0.03375,0.84125,0.125,False,False,False,False,0.0,True,-1,-1,-1.0,False,False,Timeout
COMPLEX OBSTACLE_2,COMPLEX OBSTACLE,Fine-tuned,False,True,False,7.2804115316667275,2.8971105,423,42.300000000000004,8.460424,0.3002852499485016,0.19663385,-0.05412091,0.18616316,0.624113475177305,0.0,0.375886524822695,False,False,False,False,0.099537574,True,260,264,0.33759602904319763,True,False,Collision
COMPLEX OBSTACLE_3,COMPLEX OBSTACLE,Fine-tuned,False,True,False,5.142704932113206,3.3320239,213,21.3,4.7630095,0.3011426627635956,0.21974926,-0.19819002,0.24434912,0.7652582159624414,0.018779342723004695,0.215962441314554,True,False,False,False,0.33542275,True,149,156,0.3457261621952057,True,False,Collision
COMPLEX OBSTACLE_4,COMPLEX OBSTACLE,Fine-tuned,False,True,False,7.193320387186638,2.8962436,315,31.5,8.361861,0.3007594347000122,0.26530054,-0.072643615,0.27338016,0.8825396825396825,0.0,0.11746031746031746,False,False,False,False,0.2836059,True,265,265,0.42823585867881775,True,False,Collision
COMPLEX OBSTACLE_5,COMPLEX OBSTACLE,Fine-tuned,False,True,False,6.802798748996336,5.285375,310,31.0,6.7287717,0.30011722445487976,0.21681875,-0.0902379,0.20163964,0.7516129032258064,0.0,0.24838709677419354,True,False,False,False,0.08151934,True,208,-1,-1.0,False,False,Collision
COMPLEX OBSTACLE_6,COMPLEX OBSTACLE,Fine-tuned,False,True,False,6.571595773509212,2.997151,337,33.7,7.6494536,0.30049192905426025,0.22666007,-0.041916512,0.17915511,0.8249258160237388,0.0,0.17507418397626112,True,False,False,False,0.10991296,True,161,161,0.44962066411972046,True,False,Collision
COMPLEX OBSTACLE_7,COMPLEX OBSTACLE,Fine-tuned,True,False,False,3.9393741757938088,1.1580449,154,15.4,4.2555666,0.5468791723251343,0.2754717,0.069407485,0.1997009,0.9545454545454546,0.0,0.045454545454545456,False,False,False,False,0.0,True,-1,-1,-1.0,False,True,Success
COMPLEX OBSTACLE_8,COMPLEX OBSTACLE,Fine-tuned,False,True,False,3.8502317259254264,5.2599916,309,30.900000000000002,4.8377824,0.30004554986953735,0.07778246,0.071203716,0.1684416,0.4045307443365696,0.35275080906148865,0.24271844660194175,False,False,False,False,0.2501468,True,183,190,0.32251060009002686,True,False,Collision
COMPLEX OBSTACLE_9,COMPLEX OBSTACLE,Fine-tuned,False,True,False,7.469942469316514,3.3174715,688,68.8,11.726962,0.3000923991203308,0.00083985657,-0.06932286,0.12210715,0.36046511627906974,0.6031976744186046,0.036337209302325583,True,False,False,False,0.11946707,True,605,686,0.36597803235054016,True,False,Collision
COMPLEX OBSTACLE_10,COMPLEX OBSTACLE,Fine-tuned,True,False,False,4.2328235428270355,1.1541995,164,16.400000000000002,4.866984,0.3597732186317444,0.29515162,0.06061536,0.18978249,0.9634146341463414,0.006097560975609756,0.03048780487804878,False,False,True,False,0.260889,True,60,60,0.4406315088272095,True,True,Success
COMPLEX OBSTACLE_11,COMPLEX OBSTACLE,Fine-tuned,False,True,False,8.013067729532299,3.1101618,414,41.400000000000006,8.174826,0.30019906163215637,0.19731499,0.023331957,0.13613153,0.8816425120772947,0.0,0.11835748792270531,False,False,False,False,0.118712075,True,266,275,0.3343956470489502,True,False,Collision
COMPLEX OBSTACLE_12,COMPLEX OBSTACLE,Fine-tuned,True,False,False,9.012454867061201,1.1681418,367,36.7,9.979883,0.30788108706474304,0.27193195,-0.029741246,0.17863247,0.997275204359673,0.0,0.0027247956403269754,False,False,True,True,0.17514989,True,155,167,0.30823928117752075,True,True,Success
COMPLEX OBSTACLE_13,COMPLEX OBSTACLE,Fine-tuned,False,True,False,7.032752663057466,5.623231,305,30.5,7.824098,0.3001765012741089,0.25642356,-0.20525838,0.25464293,0.9704918032786886,0.0,0.029508196721311476,False,False,False,False,0.36156744,True,156,156,0.43724632263183594,True,False,Collision
COMPLEX OBSTACLE_14,COMPLEX OBSTACLE,Fine-tuned,False,True,False,6.475680828573462,4.1173573,288,28.8,6.492951,0.3006194233894348,0.22509234,-0.037365362,0.19482781,0.9444444444444444,0.0,0.05555555555555555,False,False,False,False,0.2126244,True,189,190,0.42407718300819397,True,False,Collision
COMPLEX OBSTACLE_15,COMPLEX OBSTACLE,Fine-tuned,False,True,False,7.132713949769165,12.0,576,57.6,7.2458563,0.5832751989364624,-0.12579611,0.008296656,0.044451427,0.0,1.0,0.0,False,False,False,False,0.0,True,-1,-1,-1.0,False,False,Collision
COMPLEX OBSTACLE_16,COMPLEX OBSTACLE,Fine-tuned,False,False,True,6.392603904267082,12.0,800,80.0,8.694977,0.8809516429901123,-0.094189025,-0.012685624,0.050648335,0.05375,0.92625,0.02,False,False,False,False,0.0,True,-1,-1,-1.0,False,False,Timeout
COMPLEX OBSTACLE_17,COMPLEX OBSTACLE,Fine-tuned,False,False,True,7.366521338410173,12.0,800,80.0,7.652678,0.9063466787338257,-0.08897966,-0.009861988,0.04630418,0.02625,0.91,0.06375,False,False,False,False,0.0,True,-1,-1,-1.0,False,False,Timeout
COMPLEX OBSTACLE_18,COMPLEX OBSTACLE,Fine-tuned,False,False,True,6.456127640736206,12.0,800,80.0,5.8903747,0.9255794286727905,-0.07362971,-0.0031382125,0.040623352,0.0,0.9275,0.0725,False,False,False,False,0.0,True,-1,-1,-1.0,False,False,Timeout
COMPLEX OBSTACLE_19,COMPLEX OBSTACLE,Fine-tuned,False,False,True,8.190315604424296,12.0,800,80.0,8.639547,0.8806155920028687,-0.093690306,-0.008228159,0.04741453,0.05125,0.8875,0.06125,False,False,False,False,0.0,True,-1,-1,-1.0,False,False,Timeout
COMPLEX OBSTACLE_20,COMPLEX OBSTACLE,Fine-tuned,False,True,False,8.49199131060584,5.239004,386,38.6,8.835262,0.30012425780296326,0.22889332,-0.055317663,0.1859965,0.9352331606217616,0.0,0.06476683937823834,True,False,False,False,0.13990216,True,269,275,0.3515702486038208,True,False,Collision
COMPLEX OBSTACLE_21,COMPLEX OBSTACLE,Fine-tuned,False,False,True,5.042751077707575,9.990644,800,80.0,8.112478,0.8830792903900146,-0.09624229,-0.012925238,0.03637763,0.0225,0.9225,0.055,False,False,False,False,0.0,True,-1,-1,-1.0,False,False,Timeout
COMPLEX OBSTACLE_22,COMPLEX OBSTACLE,Fine-tuned,False,True,False,7.517688526993542,3.1287522,336,33.6,7.7360277,0.3003537058830261,0.23023918,-0.07625532,0.17942671,0.9047619047619048,0.0,0.09523809523809523,True,False,False,False,0.08772958,True,267,-1,-1.0,False,False,Collision
COMPLEX OBSTACLE_23,COMPLEX OBSTACLE,Fine-tuned,False,True,False,7.076402936488265,7.9312534,233,23.3,5.2080293,0.3038311302661896,0.22352096,-0.02408283,0.19813664,0.8412017167381974,0.0,0.15879828326180256,False,False,False,False,0.21909845,True,162,162,0.445573627948761,True,False,Collision
COMPLEX OBSTACLE_24,COMPLEX OBSTACLE,Fine-tuned,False,False,True,3.7300005207405342,7.3551054,800,80.0,7.548461,0.8858169317245483,-0.094355695,-0.008598298,0.022703514,0.0,0.99875,0.00125,False,False,False,False,0.0,True,-1,-1,-1.0,False,False,Timeout
COMPLEX OBSTACLE_25,COMPLEX OBSTACLE,Fine-tuned,True,False,False,9.165809680820194,1.1654685,378,37.800000000000004,10.48807,0.3256702125072479,0.2774627,-0.054977175,0.18005475,1.0,0.0,0.0,False,False,True,True,0.14558747,True,165,178,0.33621156215667725,True,True,Success
COMPLEX OBSTACLE_26,COMPLEX OBSTACLE,Fine-tuned,False,False,True,5.714905632926805,12.0,800,80.0,5.914936,0.9221700429916382,-0.07393672,-0.002947057,0.031680897,0.0,0.90625,0.09375,False,False,False,False,0.0,True,-1,-1,-1.0,False,False,Timeout
COMPLEX OBSTACLE_27,COMPLEX OBSTACLE,Fine-tuned,False,True,False,7.340380764896453,7.0400705,211,21.1,5.7924647,0.3000567555427551,0.27254727,0.07802348,0.22765486,0.95260663507109,0.009478672985781991,0.037914691943127965,False,False,False,False,0.23472343,True,153,154,0.4188869595527649,True,False,Collision
COMPLEX OBSTACLE_28,COMPLEX OBSTACLE,Fine-tuned,True,False,False,6.168810446289273,1.1813929,258,25.8,7.6833544,0.45514628291130066,0.29780498,0.020888895,0.224754,1.0,0.0,0.0,False,False,False,False,0.0,True,-1,-1,-1.0,False,True,Success
COMPLEX OBSTACLE_29,COMPLEX OBSTACLE,Fine-tuned,False,True,False,5.348364123222155,8.978638,708,70.8,8.062333,0.5831904411315918,-0.1138748,0.0012593435,0.045109734,0.0,0.9929378531073446,0.007062146892655367,False,False,False,False,0.0,True,-1,-1,-1.0,False,False,Collision
COMPLEX OBSTACLE_30,COMPLEX OBSTACLE,Fine-tuned,False,False,True,3.9536941623341995,5.5799475,800,80.0,8.352508,0.6987441778182983,-0.10440636,-0.009093471,0.03093819,0.0,0.9825,0.0175,False,False,False,False,0.0,True,-1,-1,-1.0,False,False,Timeout
TOP_LEFT_1,TOP_LEFT,Fine-tuned,False,False,True,8.087984826760298,12.0,800,80.0,8.576778,0.8828535079956055,-0.09132945,-0.006595693,0.051389586,0.0525,0.8825,0.065,False,False,False,False,0.0,True,-1,-1,-1.0,False,False,Timeout
TOP_LEFT_2,TOP_LEFT,Fine-tuned,False,False,True,4.911520644563392,8.501757,800,80.0,8.084425,0.8157764673233032,-0.101055354,-0.009912724,0.018811004,0.0,1.0,0.0,False,False,False,False,0.0,True,-1,-1,-1.0,False,False,Timeout
TOP_LEFT_3,TOP_LEFT,Fine-tuned,False,False,True,5.347241529139723,9.841266,800,80.0,8.007552,0.8086479306221008,-0.10009439,-0.010348289,0.02682514,0.0,0.9575,0.0425,False,False,False,False,0.0,True,-1,-1,-1.0,False,False,Timeout
TOP_LEFT_4,TOP_LEFT,Fine-tuned,False,False,True,7.65773134703719,12.0,800,80.0,8.032247,0.8051081299781799,-0.10040303,-0.013438238,0.03579946,0.0,0.91625,0.08375,False,False,False,False,0.0,True,-1,-1,-1.0,False,False,Timeout
TOP_LEFT_5,TOP_LEFT,Fine-tuned,False,False,True,6.238253145957749,12.0,800,80.0,8.492701,0.8794386386871338,-0.09338106,-0.009056011,0.04811133,0.04625,0.87875,0.075,False,False,False,False,0.0,True,-1,-1,-1.0,False,False,Timeout
TOP_LEFT_6,TOP_LEFT,Fine-tuned,False,False,True,4.95194829050726,8.810749,800,80.0,8.023494,0.8304711580276489,-0.10029377,-0.008753426,0.014932909,0.0,1.0,0.0,False,False,False,False,0.0,True,-1,-1,-1.0,False,False,Timeout
TOP_LEFT_7,TOP_LEFT,Fine-tuned,False,False,True,7.964748214816738,12.0,800,80.0,8.6735525,0.8821353912353516,-0.09312584,-0.010662313,0.051700722,0.05125,0.91125,0.0375,False,False,False,False,0.0,True,-1,-1,-1.0,False,False,Timeout
TOP_LEFT_8,TOP_LEFT,Fine-tuned,False,False,True,5.180895151469221,9.061884,800,80.0,8.109329,0.7916692495346069,-0.10136666,-0.009819991,0.015991053,0.0,1.0,0.0,False,False,False,False,0.0,True,-1,-1,-1.0,False,False,Timeout
TOP_LEFT_9,TOP_LEFT,Fine-tuned,False,False,True,3.420116531966094,4.7666693,800,80.0,8.358162,0.7669767737388611,-0.10326104,-0.009216209,0.035076506,0.0025,0.9275,0.07,False,False,False,False,0.0,True,-1,-1,-1.0,False,False,Timeout
TOP_LEFT_10,TOP_LEFT,Fine-tuned,False,False,True,5.948869084391419,12.0,800,80.0,8.889236,0.8850293159484863,-0.09380589,-0.009934053,0.052462697,0.05875,0.895,0.04625,False,False,False,False,0.0,True,-1,-1,-1.0,False,False,Timeout
TOP_RIGHT_1,TOP_RIGHT,Fine-tuned,True,False,False,5.657276802021057,1.1681024,245,24.5,6.4997735,0.30063924193382263,0.26047543,0.03627552,0.17306283,0.9387755102040817,0.02040816326530612,0.04081632653061224,False,False,True,True,0.17471358,True,80,173,0.30255383253097534,True,True,Success
TOP_RIGHT_2,TOP_RIGHT,Fine-tuned,False,True,False,5.477881239163152,3.5757084,284,28.400000000000002,6.79664,0.30034688115119934,0.23633318,0.09740911,0.22351296,0.9471830985915493,0.01056338028169014,0.04225352112676056,False,False,False,False,0.22569947,True,158,170,0.3635026514530182,True,False,Collision
TOP_RIGHT_3,TOP_RIGHT,Fine-tuned,True,False,False,7.6698277954531004,1.1571156,273,27.3,8.138641,0.5266389846801758,0.2981193,0.030135728,0.13237259,0.9963369963369964,0.0,0.003663003663003663,False,False,False,False,0.0,True,-1,-1,-1.0,False,True,Success
TOP_RIGHT_4,TOP_RIGHT,Fine-tuned,True,False,False,5.1585589952252855,1.1935953,333,33.300000000000004,7.352187,0.30138489603996277,0.14872862,0.04458594,0.13728635,0.6396396396396397,0.3033033033033033,0.057057057057057055,False,False,True,True,0.2272377,True,186,186,0.4368375241756439,True,True,Success
TOP_RIGHT_5,TOP_RIGHT,Fine-tuned,False,True,False,8.205965231714119,5.094507,770,77.0,10.386214,0.30001991987228394,0.06964503,0.080458865,0.15762746,0.38181818181818183,0.2909090909090909,0.32727272727272727,False,False,False,False,0.15022783,True,213,355,0.3359481394290924,True,False,Collision
TOP_RIGHT_6,TOP_RIGHT,Fine-tuned,False,True,False,6.460617349232938,6.0828743,205,20.5,5.454779,0.3022996485233307,0.26331788,0.05736078,0.20055553,0.9463414634146341,0.0,0.05365853658536585,False,False,False,False,0.14000306,True,162,163,0.39356929063796997,True,False,Collision
TOP_RIGHT_7,TOP_RIGHT,Fine-tuned,False,True,False,5.834426152895505,4.5196877,193,19.3,5.172578,0.30224609375,0.26641268,0.03479448,0.17931019,0.9792746113989638,0.010362694300518135,0.010362694300518135,True,False,False,False,0.14785206,True,151,153,0.39846479892730713,True,False,Collision
TOP_RIGHT_8,TOP_RIGHT,Fine-tuned,False,True,False,7.055516775672517,7.5633044,194,19.400000000000002,5.196493,0.30000928044319153,0.26679656,0.04973266,0.17526951,0.979381443298969,0.0,0.020618556701030927,True,False,False,False,0.12882936,True,153,154,0.38411176204681396,True,False,Collision
TOP_RIGHT_9,TOP_RIGHT,Fine-tuned,True,False,False,6.938621840362836,1.1865802,477,47.7,9.189438,0.39634448289871216,0.14737459,0.035120845,0.11709701,0.5911949685534591,0.3689727463312369,0.039832285115303984,False,False,True,False,0.2857904,True,259,260,0.43398386240005493,True,True,Success
TOP_RIGHT_10,TOP_RIGHT,Fine-tuned,True,False,False,6.7653507887467885,1.1808368,417,41.7,9.571326,0.4100760817527771,0.15724084,0.026164154,0.13799402,0.6738609112709832,0.30935251798561153,0.016786570743405275,False,False,True,False,0.19097973,True,211,214,0.4380570650100708,True,True,Success
BOTTOM_LEFT_1,BOTTOM_LEFT,Fine-tuned,True,False,False,4.529803246777972,1.1659334,240,24.0,6.613434,0.6960370540618896,0.2752042,-0.059782352,0.37649533,0.9666666666666667,0.0,0.03333333333333333,False,False,False,False,0.0,False,-1,-1,-1.0,False,True,Success
BOTTOM_LEFT_2,BOTTOM_LEFT,Fine-tuned,False,True,False,8.465336785913925,5.4268723,321,32.1,8.414773,0.3004271388053894,0.26184663,-0.11866442,0.24958287,0.8629283489096573,0.0,0.13707165109034267,True,False,False,False,0.14589636,True,266,275,0.35665130615234375,True,False,Collision
BOTTOM_LEFT_3,BOTTOM_LEFT,Fine-tuned,True,False,False,6.00739359781193,1.187418,278,27.8,7.8314824,0.5904697775840759,0.28116435,-0.092752926,0.3277609,0.9640287769784173,0.0,0.03597122302158273,False,False,False,False,0.0,False,-1,-1,-1.0,False,True,Success
BOTTOM_LEFT_4,BOTTOM_LEFT,Fine-tuned,False,True,False,7.960226954864958,4.444956,339,33.9,7.7048473,0.3000021278858185,0.2272819,-0.090795964,0.19200012,0.8967551622418879,0.0,0.10324483775811209,True,False,False,False,0.09005996,True,269,-1,-1.0,False,False,Collision
BOTTOM_LEFT_5,BOTTOM_LEFT,Fine-tuned,True,False,False,7.6150164330531664,1.177678,322,32.2,8.584273,0.4160018563270569,0.26647642,-0.061714,0.22341156,0.9751552795031055,0.0,0.024844720496894408,False,False,True,False,0.16945961,False,154,156,0.4331244230270386,True,True,Success
BOTTOM_LEFT_6,BOTTOM_LEFT,Fine-tuned,False,False,True,6.176967516473907,5.0179687,800,80.0,9.810928,0.8445719480514526,0.024093665,-0.04072717,0.103463374,0.2475,0.72875,0.02375,False,False,False,False,0.0,True,-1,-1,-1.0,False,False,Timeout
BOTTOM_LEFT_7,BOTTOM_LEFT,Fine-tuned,True,False,False,6.588484798438648,1.1872486,279,27.900000000000002,7.822742,0.3408478796482086,0.28038555,-0.1232662,0.24353862,0.978494623655914,0.0,0.021505376344086023,False,False,True,True,0.13392642,True,144,145,0.4219841957092285,True,True,Success
BOTTOM_LEFT_8,BOTTOM_LEFT,Fine-tuned,False,True,False,7.258398681078233,5.541025,272,27.200000000000003,6.876781,0.30069127678871155,0.25249216,-0.12908085,0.24846932,0.8161764705882353,0.0,0.18382352941176472,True,False,False,False,0.09573001,True,219,231,0.3101351857185364,True,False,Collision
BOTTOM_LEFT_9,BOTTOM_LEFT,Fine-tuned,False,True,False,8.432833357194031,5.5114517,407,40.7,8.603214,0.3001888394355774,0.19883305,-0.06674409,0.18148947,0.683046683046683,0.0,0.31695331695331697,True,False,False,False,0.114556044,True,257,262,0.34650373458862305,True,False,Collision
BOTTOM_LEFT_10,BOTTOM_LEFT,Fine-tuned,True,False,False,4.976173469321714,1.1675241,256,25.6,7.0053782,0.3977726697921753,0.27335843,-0.07085582,0.33967498,0.96875,0.0,0.03125,False,False,True,False,0.5871938,False,242,242,0.44297176599502563,True,True,Success
BOTTOM_RIGHT_1,BOTTOM_RIGHT,Fine-tuned,True,False,False,3.3142323690184345,1.1458763,134,13.4,3.535913,0.8294882774353027,0.2638742,-0.19655852,0.28376374,0.9850746268656716,0.0,0.014925373134328358,False,False,False,False,0.0,False,-1,-1,-1.0,False,True,Success
BOTTOM_RIGHT_2,BOTTOM_RIGHT,Fine-tuned,True,False,False,7.394564664810657,1.1884278,327,32.7,8.83135,0.3003188669681549,0.26958793,0.025301563,0.20616686,0.9908256880733946,0.0,0.009174311926605505,False,False,True,True,0.2642132,True,159,160,0.41972070932388306,True,True,Success
BOTTOM_RIGHT_3,BOTTOM_RIGHT,Fine-tuned,True,False,False,5.399958197809888,1.192881,185,18.5,5.515046,0.7282988429069519,0.29811105,-0.025151843,0.175259,1.0,0.0,0.0,False,False,False,False,0.0,False,-1,-1,-1.0,False,True,Success
BOTTOM_RIGHT_4,BOTTOM_RIGHT,Fine-tuned,True,False,False,6.968203125913328,1.1797466,312,31.200000000000003,8.951788,0.46965205669403076,0.2869168,0.018151777,0.2455269,1.0,0.0,0.0,False,False,False,False,0.0,False,-1,-1,-1.0,False,True,Success
BOTTOM_RIGHT_5,BOTTOM_RIGHT,Fine-tuned,True,False,False,6.85537001578143,1.187772,288,28.8,8.409965,0.4817981719970703,0.2920132,0.01575575,0.22988623,1.0,0.0,0.0,False,False,False,False,0.0,False,-1,-1,-1.0,False,True,Success
BOTTOM_RIGHT_6,BOTTOM_RIGHT,Fine-tuned,True,False,False,7.211465396942566,1.1996644,276,27.6,7.589938,0.8093460202217102,0.274998,-0.05030623,0.14102134,1.0,0.0,0.0,False,False,False,False,0.0,False,-1,-1,-1.0,False,True,Success
BOTTOM_RIGHT_7,BOTTOM_RIGHT,Fine-tuned,True,False,False,5.605283427363893,1.176518,214,21.400000000000002,6.4425287,0.402368426322937,0.30105326,-0.08314106,0.20629609,1.0,0.0,0.0,False,False,True,False,0.23772752,False,165,174,0.4188745617866516,True,True,Success
BOTTOM_RIGHT_8,BOTTOM_RIGHT,Fine-tuned,True,False,False,5.402411342892908,1.173629,203,20.3,5.9154544,0.3292551040649414,0.29140213,-0.08219067,0.20815557,1.0,0.0,0.0,False,False,True,True,0.31346,False,158,171,0.3355134427547455,True,True,Success
BOTTOM_RIGHT_9,BOTTOM_RIGHT,Fine-tuned,True,False,False,6.186932525634455,1.1817938,242,24.200000000000003,6.969683,0.32321009039878845,0.28800395,-0.08892016,0.17823169,1.0,0.0,0.0,False,False,True,True,0.14761877,True,161,169,0.33640193939208984,True,True,Success
BOTTOM_RIGHT_10,BOTTOM_RIGHT,Fine-tuned,True,False,False,3.339471646666123,1.1251299,162,16.2,3.7621548,0.5993804335594177,0.23213075,-0.15322699,0.2727658,0.9876543209876543,0.0,0.012345679012345678,False,False,False,False,0.0,False,-1,-1,-1.0,False,True,Success
RANDOM_1,RANDOM,Fine-tuned,True,False,False,5.802096279607034,1.172348,201,20.1,5.8342814,0.9319258332252502,0.29026306,-0.025672833,0.14054182,1.0,0.0,0.0,False,False,False,False,0.0,False,-1,-1,-1.0,False,True,Success
RANDOM_2,RANDOM,Fine-tuned,True,False,False,3.471909581120444,1.153856,134,13.4,3.9411495,0.5076268315315247,0.2933723,0.08708675,0.21992666,0.9776119402985075,0.0,0.022388059701492536,False,False,False,False,0.0,True,-1,-1,-1.0,False,True,Success
RANDOM_3,RANDOM,Fine-tuned,False,True,False,6.680948225482649,3.1147943,339,33.9,7.5364146,0.30013084411621094,0.22148247,-0.045165587,0.16622344,0.8082595870206489,0.0,0.19174041297935104,True,False,False,False,0.11201058,True,152,156,0.37047305703163147,True,False,Collision
RANDOM_4,RANDOM,Fine-tuned,False,False,True,4.578605600659657,6.149926,800,80.0,9.019295,0.4693371653556824,-0.11257988,-0.01261689,0.03553103,0.0,0.985,0.015,False,False,False,False,0.0,False,-1,-1,-1.0,False,False,Timeout
RANDOM_5,RANDOM,Fine-tuned,True,False,False,5.100827160127576,1.188372,225,22.5,5.725927,0.6180728673934937,0.25439745,-0.093428016,0.23584361,0.9644444444444444,0.0,0.035555555555555556,False,False,False,False,0.0,False,-1,-1,-1.0,False,True,Success
RANDOM_6,RANDOM,Fine-tuned,True,False,False,5.0715442869915535,1.1526077,210,21.0,6.0626755,0.3168818950653076,0.28811958,-0.20472625,0.33715624,0.9666666666666667,0.0,0.03333333333333333,False,False,True,True,0.21937932,False,182,187,0.36689621210098267,True,True,Success
RANDOM_7,RANDOM,Fine-tuned,True,False,False,6.077169001967735,1.1547397,207,20.700000000000003,6.385449,0.6314859986305237,0.3084764,0.026901538,0.13390306,0.9903381642512077,0.0,0.00966183574879227,False,False,False,False,0.0,True,-1,-1,-1.0,False,True,Success
RANDOM_8,RANDOM,Fine-tuned,True,False,False,1.5490466442925073,1.1389635,77,7.7,1.7252916,0.5741572976112366,0.2240638,-0.35922223,0.37357947,0.935064935064935,0.0,0.06493506493506493,False,False,False,False,0.0,False,-1,-1,-1.0,False,True,Success
RANDOM_9,RANDOM,Fine-tuned,False,False,True,3.258292197937629,5.4601054,800,80.0,7.523677,0.9348968267440796,-0.09404595,-0.00030626144,0.019396238,0.0,1.0,0.0,False,False,False,False,0.0,True,-1,-1,-1.0,False,False,Timeout
RANDOM_10,RANDOM,Fine-tuned,True,False,False,6.618611201139298,1.1986468,279,27.900000000000002,8.079724,0.3522178530693054,0.28932604,-0.07774976,0.28692964,0.967741935483871,0.0,0.03225806451612903,False,False,True,False,0.22946624,False,178,181,0.4120490550994873,True,True,Success
RANDOM_11,RANDOM,Fine-tuned,False,False,True,7.862711305068345,12.0,800,80.0,8.379765,0.8815265893936157,-0.09226558,-0.0078776805,0.04547179,0.045,0.86625,0.08875,False,False,False,False,0.0,True,-1,-1,-1.0,False,False,Timeout
RANDOM_12,RANDOM,Fine-tuned,True,False,False,4.288873002370081,1.1860003,186,18.6,4.6434526,0.7272127270698547,0.24964818,-0.17425407,0.25712228,0.9838709677419355,0.0,0.016129032258064516,False,False,False,False,0.0,False,-1,-1,-1.0,False,True,Success
RANDOM_13,RANDOM,Fine-tuned,False,False,True,4.902464626322522,9.078011,800,80.0,7.2546396,0.9380308389663696,-0.09068308,-7.17268e-05,0.023704536,0.0,1.0,0.0,False,False,False,False,0.0,False,-1,-1,-1.0,False,False,Timeout
RANDOM_14,RANDOM,Fine-tuned,True,False,False,4.583428265942262,1.1763048,184,18.400000000000002,4.9090977,0.6219609379768372,0.26679173,-0.13253465,0.25601852,0.9891304347826086,0.0,0.010869565217391304,False,False,False,False,0.0,False,-1,-1,-1.0,False,True,Success
RANDOM_15,RANDOM,Fine-tuned,True,False,False,5.769851659548381,1.149832,193,19.3,6.1028147,0.7548930644989014,0.31620866,0.04084259,0.14340414,0.9948186528497409,0.0,0.0051813471502590676,False,False,False,False,0.0,False,-1,-1,-1.0,False,True,Success
RANDOM_16,RANDOM,Fine-tuned,True,False,False,2.6784857599597065,1.1766305,141,14.100000000000001,3.6945853,0.6206319332122803,0.26127723,-0.18483281,0.42172167,0.950354609929078,0.0,0.04964539007092199,False,False,False,False,0.0,False,-1,-1,-1.0,False,True,Success
RANDOM_17,RANDOM,Fine-tuned,True,False,False,1.6646457107108186,1.1776031,89,8.9,2.0819259,0.7327455282211304,0.23392424,-0.4269476,0.48026216,0.9213483146067416,0.0,0.07865168539325842,False,False,False,False,0.0,False,-1,-1,-1.0,False,True,Success
RANDOM_18,RANDOM,Fine-tuned,False,True,False,8.583854549749542,5.51044,383,38.300000000000004,8.154385,0.3011435568332672,0.17686535,0.005513659,0.12652051,0.7127937336814621,0.2245430809399478,0.06266318537859007,True,False,False,False,0.0691811,True,195,197,0.4322609305381775,True,False,Collision
RANDOM_19,RANDOM,Fine-tuned,False,True,False,6.948799692406849,5.5205965,204,20.400000000000002,5.4943337,0.30306276679039,0.26913264,-0.029688524,0.19952656,0.8578431372549019,0.0,0.14215686274509803,False,False,False,False,0.29639134,True,161,171,0.3600407540798187,True,False,Collision
RANDOM_20,RANDOM,Fine-tuned,True,False,False,7.172389149462723,1.1815844,275,27.5,7.2801824,0.8123257756233215,0.26473415,-0.04448971,0.14994673,0.9709090909090909,0.0,0.02909090909090909,False,False,False,False,0.0,False,-1,-1,-1.0,False,True,Success
