episode_id,category,outcome,initial_goal_distance,final_goal_distance,total_distance_reduction,angular_reversals,linear_reversals,cumulative_angular_rotation,percent_turning,avg_lin_last10,avg_ang_last10
EASY / OPEN_1,EASY / OPEN,SUCCESS,2.9951296775573164,0.4891774008173886,2.5059522767399276,6,2,4.6624045,0.42424242424242425,0.18328257,-0.0426964
EASY / OPEN_2,EASY / OPEN,COLLISION,6.20565682658474,0.9221295289785676,5.283527297606172,30,4,7.056076,0.3356643356643357,0.15566388,0.13994075
EASY / OPEN_3,EASY / OPEN,SUCCESS,5.641531160991723,0.49779296312812005,5.143738197863603,17,0,8.14326,0.446875,0.19090866,0.05344268
EASY / OPEN_4,EASY / OPEN,SUCCESS,6.356264329235364,0.4907877114872278,5.865476617748136,35,1,6.631229,0.3110367892976589,0.21208526,0.08121418
EASY / OPEN_5,EASY / OPEN,SUCCESS,5.519545529225113,0.49681868669441626,5.022726842530697,33,2,5.779596,0.4365079365079365,0.21984653,0.053017706
EASY / OPEN_6,EASY / OPEN,SUCCESS,6.372267420641893,0.4854764257211161,5.886790994920776,39,0,4.3778696,0.30980392156862746,0.22024064,0.0988066
EASY / OPEN_7,EASY / OPEN,SUCCESS,6.532993961499239,0.48586433007362356,6.047129631425615,39,2,4.6598964,0.2413793103448276,0.16097513,0.04950782
EASY / OPEN_8,EASY / OPEN,SUCCESS,4.447595452280887,0.4975313616057198,3.950064090675167,19,2,7.0654674,0.3018867924528302,0.08169348,0.095441855
EASY / OPEN_9,EASY / OPEN,SUCCESS,4.228886409862703,0.4942486267097011,3.7346377831530018,8,0,6.8237877,0.468,0.18463728,0.05530565
EASY / OPEN_10,EASY / OPEN,SUCCESS,6.8012860283805265,0.4991312684025299,6.302154759977997,41,1,6.7366076,0.27692307692307694,0.19576517,0.0641183
EASY / OPEN_11,EASY / OPEN,SUCCESS,5.325906854891954,0.4864146326362787,4.839492222255676,8,2,6.0939946,0.2798507462686567,0.1527536,0.023807857
EASY / OPEN_12,EASY / OPEN,COLLISION,4.942782225572098,1.666031199724647,3.2767510258474513,15,4,8.209957,0.24611973392461198,-0.022639658,0.15900576
EASY / OPEN_13,EASY / OPEN,SUCCESS,4.326907782069009,0.49089685766964747,3.8360109243993614,10,2,4.94747,0.3269230769230769,0.2287398,0.0378586
EASY / OPEN_14,EASY / OPEN,SUCCESS,4.62967860380739,0.48886788699763706,4.140810716809753,27,2,6.910875,0.4228187919463087,0.18775578,0.22730236
EASY / OPEN_15,EASY / OPEN,SUCCESS,5.393765488425153,0.48327203124407186,4.910493457181081,41,2,5.7540636,0.47509578544061304,0.13903248,-0.05484452
EASY / OPEN_16,EASY / OPEN,COLLISION,5.270378573669452,4.209657097259093,1.0607214764103592,21,0,3.0516496,0.3893129770992366,0.09771462,0.09294077
EASY / OPEN_17,EASY / OPEN,SUCCESS,2.019038310268806,0.4852979321172514,1.5337403781515544,7,2,3.9342096,0.46956521739130436,0.16316248,-0.2078809
EASY / OPEN_18,EASY / OPEN,TIMEOUT,5.163738385748328,1.4358496586002096,3.7278887271481183,45,0,16.117046,0.58625,-0.0054597408,0.22664231
EASY / OPEN_19,EASY / OPEN,TIMEOUT,4.510466678287032,3.949076494181501,0.5613901841055311,1,0,7.33175,0.14,-0.07261737,-0.056098297
EASY / OPEN_20,EASY / OPEN,SUCCESS,2.5043294539361005,0.48709270031839647,2.017236753617704,15,4,3.1321516,0.3467741935483871,0.19960205,-0.08507242
EASY / OPEN_21,EASY / OPEN,TIMEOUT,7.716742765328429,4.3154767811885755,3.4012659841398536,26,3,9.013347,0.10375,-0.064915136,0.0010726999
EASY / OPEN_22,EASY / OPEN,SUCCESS,2.938739410792811,0.4851807340877907,2.45355867670502,10,2,4.2656436,0.37579617834394907,0.2187126,-0.033238634
EASY / OPEN_23,EASY / OPEN,SUCCESS,7.361607491425165,0.4876802762995387,6.873927215125626,35,2,8.477266,0.36,0.14947508,0.00881342
EASY / OPEN_24,EASY / OPEN,SUCCESS,3.4203372231784592,0.4839032221019401,2.936434001076519,22,0,4.3630557,0.4691358024691358,0.14688559,-0.13630748
EASY / OPEN_25,EASY / OPEN,SUCCESS,4.951168644803183,0.49495813400313704,4.456210510800046,16,0,5.064012,0.29310344827586204,0.20311226,0.045874797
EASY / OPEN_26,EASY / OPEN,SUCCESS,5.182000323886708,0.48393285226215776,4.69806747162455,15,2,5.190193,0.29844961240310075,0.13407263,0.04413767
EASY / OPEN_27,EASY / OPEN,SUCCESS,3.4016495774029076,0.49851407956397253,2.903135497838935,15,0,2.8200965,0.47107438016528924,0.26441365,0.12363419
EASY / OPEN_28,EASY / OPEN,SUCCESS,7.160523495398073,0.4971450733697113,6.663378422028362,39,0,4.9645004,0.22712933753943218,0.1609594,0.076943725
EASY / OPEN_29,EASY / OPEN,COLLISION,4.152323691327154,1.5983248030958785,2.553998888231275,29,0,2.9979875,0.297029702970297,0.16574316,0.12121316
EASY / OPEN_30,EASY / OPEN,SUCCESS,4.862792325617938,0.49182834326246155,4.370963982355476,26,0,5.015203,0.34309623430962344,0.17178541,-0.034551777
WALL-BLOCKED_1,WALL-BLOCKED,TIMEOUT,8.0906067172622,4.397139840997012,3.6934668762651874,11,3,15.453979,0.15125,-0.029846769,0.17331526
WALL-BLOCKED_2,WALL-BLOCKED,COLLISION,6.613654198306105,2.9648117472606206,3.6488424510454847,12,2,8.725891,0.3804034582132565,0.2182426,-0.20764138
WALL-BLOCKED_3,WALL-BLOCKED,COLLISION,7.062714162442896,2.524834471083919,4.537879691358977,33,0,5.706316,0.2745664739884393,-0.0010871083,0.11121862
WALL-BLOCKED_4,WALL-BLOCKED,SUCCESS,6.040116652664735,0.4907042304018714,5.549412422262863,16,0,9.190822,0.32867132867132864,0.15469597,-0.022517828
WALL-BLOCKED_5,WALL-BLOCKED,TIMEOUT,6.374527423064384,2.5267573791909324,3.8477700438734517,15,4,15.785884,0.13625,-0.029146783,0.17615825
WALL-BLOCKED_6,WALL-BLOCKED,SUCCESS,4.095613272962541,0.4960574769903841,3.5995557959721567,32,1,8.833895,0.4823848238482385,0.16416094,-0.12559943
WALL-BLOCKED_7,WALL-BLOCKED,SUCCESS,3.8972943017896267,0.48667331396057595,3.4106209878290508,36,3,9.979206,0.26955074875207985,0.22776207,0.03187232
WALL-BLOCKED_8,WALL-BLOCKED,SUCCESS,6.965308494959478,0.4971576549284843,6.468150840030994,37,4,7.456604,0.37037037037037035,0.17925823,0.09802209
WALL-BLOCKED_9,WALL-BLOCKED,COLLISION,6.832103264673261,3.563875785821801,3.2682274788514603,19,2,5.3555527,0.22837370242214533,0.05075759,0.07048136
WALL-BLOCKED_10,WALL-BLOCKED,SUCCESS,3.1876950465676726,0.49801492662140595,2.6896801199462668,53,0,5.8432465,0.41724137931034483,0.18691914,-0.087749176
WALL-BLOCKED_11,WALL-BLOCKED,SUCCESS,6.5281319238799425,0.49008109724877147,6.038050826631171,33,3,6.979226,0.34265734265734266,0.20983978,0.13242872
WALL-BLOCKED_12,WALL-BLOCKED,SUCCESS,6.651609770159755,0.49484285052822,6.1567669196315356,34,2,5.2343698,0.3269230769230769,0.17652817,-0.11791361
WALL-BLOCKED_13,WALL-BLOCKED,SUCCESS,6.820054517199113,0.48188588378464836,6.3381686334144645,29,1,6.9683747,0.30491803278688523,0.18351507,0.123946525
WALL-BLOCKED_14,WALL-BLOCKED,SUCCESS,7.051377963307978,0.4948102848419561,6.556567678466021,31,2,6.5047555,0.3611111111111111,0.1749594,-0.016544906
WALL-BLOCKED_15,WALL-BLOCKED,COLLISION,7.189551675633857,4.148188261668486,3.041363413965371,33,4,5.716903,0.17794486215538846,-0.02002768,0.00021212264
WALL-BLOCKED_16,WALL-BLOCKED,SUCCESS,2.9637114205835853,0.4865935122174824,2.477117908366103,44,1,6.065103,0.3974358974358974,0.21134207,-0.032628123
WALL-BLOCKED_17,WALL-BLOCKED,COLLISION,5.891512826531122,2.919581867583385,2.971930958947737,27,2,5.5869136,0.2268370607028754,0.010940806,0.029458513
WALL-BLOCKED_18,WALL-BLOCKED,SUCCESS,7.509306590194519,0.4933347584881639,7.015971831706355,25,2,7.5374246,0.36082474226804123,0.197374,0.09831955
WALL-BLOCKED_19,WALL-BLOCKED,COLLISION,2.839678091025188,0.7305509338460893,2.1091271571790986,33,1,4.3895946,0.4603174603174603,0.056878753,0.011603057
WALL-BLOCKED_20,WALL-BLOCKED,COLLISION,6.314812034136066,4.293092135264865,2.0217198988712015,33,0,9.406955,0.5882352941176471,0.06570177,0.27114904
WALL-BLOCKED_21,WALL-BLOCKED,SUCCESS,7.00501737208461,0.48347615209958167,6.5215412199850284,25,0,9.543518,0.3171247357293869,0.14980397,-0.047898177
WALL-BLOCKED_22,WALL-BLOCKED,TIMEOUT,5.64415911279359,5.448229679019845,0.1959294337737445,134,0,9.400969,0.05125,-0.06870175,-0.008098755
WALL-BLOCKED_23,WALL-BLOCKED,SUCCESS,3.35820849545322,0.49851362581558095,2.859694869637639,8,1,7.798023,0.36140350877192984,0.13715838,-0.17655325
WALL-BLOCKED_24,WALL-BLOCKED,COLLISION,5.646554865243481,2.244898409724138,3.4016564555193436,31,11,8.708275,0.2332155477031802,0.19628513,0.0608371
WALL-BLOCKED_25,WALL-BLOCKED,TIMEOUT,3.895706698116014,4.121222212202821,-0.22551551408680703,7,0,6.526503,0.09375,-0.057753302,-0.07832814
WALL-BLOCKED_26,WALL-BLOCKED,SUCCESS,6.5314509435405625,0.4937167957616939,6.037734147778869,26,4,6.532291,0.4094955489614243,0.15561171,-0.14786868
WALL-BLOCKED_27,WALL-BLOCKED,SUCCESS,6.800712932801956,0.47916634406130215,6.321546588740654,27,0,3.7078705,0.1956521739130435,0.22102888,0.09491604
WALL-BLOCKED_28,WALL-BLOCKED,COLLISION,3.94402540264563,1.7511040190264422,2.192921383619188,45,3,6.8303237,0.4492753623188406,0.06348257,0.21667686
WALL-BLOCKED_29,WALL-BLOCKED,TIMEOUT,6.614803259173088,4.970258122426755,1.6445451367463324,14,1,1.6757692,0.03625,-0.06603783,1.2039833e-06
WALL-BLOCKED_30,WALL-BLOCKED,TIMEOUT,3.9683310935514493,3.2082749626605684,0.7600561308908809,1,1,9.683069,0.14875,-0.08993309,-0.28256714
COMPLEX OBSTACLE_1,COMPLEX OBSTACLE,COLLISION,7.3949901551711035,5.654349929444138,1.740640225726965,55,3,12.0212555,0.45930232558139533,0.05422781,0.24878412
COMPLEX OBSTACLE_2,COMPLEX OBSTACLE,COLLISION,7.285931558796591,1.2008058905311203,6.085125668265471,41,2,7.626068,0.407514450867052,0.11451681,0.16422953
COMPLEX OBSTACLE_3,COMPLEX OBSTACLE,COLLISION,5.139507888110631,1.4287282846521834,3.710779603458448,17,2,4.0520115,0.3925233644859813,0.16872156,-0.11823718
COMPLEX OBSTACLE_4,COMPLEX OBSTACLE,COLLISION,7.192051686198184,1.2436850853460406,5.948366600852143,23,2,7.2220078,0.26944444444444443,0.069090486,0.105260365
COMPLEX OBSTACLE_5,COMPLEX OBSTACLE,COLLISION,6.8057571035465285,2.836136311739211,3.9696207918073174,29,1,7.463173,0.4716981132075472,0.04332583,0.22415155
COMPLEX OBSTACLE_6,COMPLEX OBSTACLE,SUCCESS,6.350312954430648,0.48740033894802376,5.8629126154826245,44,9,11.613423,0.46336206896551724,0.14315176,-0.022189649
COMPLEX OBSTACLE_7,COMPLEX OBSTACLE,SUCCESS,3.9194053122375587,0.4932323048851848,3.4261730073523737,27,0,4.527022,0.3832599118942731,0.19568925,0.12512818
COMPLEX OBSTACLE_8,COMPLEX OBSTACLE,SUCCESS,3.845373852357882,0.4998239901228504,3.3455498622350315,32,0,8.232748,0.5993975903614458,0.094422385,0.06654347
COMPLEX OBSTACLE_9,COMPLEX OBSTACLE,COLLISION,7.534224754961408,4.681744120638677,2.852480634322731,14,3,7.931602,0.4483870967741935,-0.04650825,-0.12638842
COMPLEX OBSTACLE_10,COMPLEX OBSTACLE,SUCCESS,4.2250254809270515,0.49873664020830855,3.726288840718743,29,0,5.0405607,0.4778761061946903,0.16915081,-0.07785526
COMPLEX OBSTACLE_11,COMPLEX OBSTACLE,COLLISION,7.9364599170727255,1.2486374338055275,6.6878224832671975,31,0,4.1161284,0.18694362017804153,0.12165342,0.088344276
COMPLEX OBSTACLE_12,COMPLEX OBSTACLE,SUCCESS,9.004352442202334,0.4909779408002389,8.513374501402096,58,0,7.9053874,0.2860169491525424,0.1559912,0.010218104
COMPLEX OBSTACLE_13,COMPLEX OBSTACLE,COLLISION,6.968581761158556,1.296402867200944,5.6721788939576125,36,2,10.053662,0.22560975609756098,0.07391197,0.0016233464
COMPLEX OBSTACLE_14,COMPLEX OBSTACLE,SUCCESS,6.468859429755326,0.49055158399093235,5.978307845764394,30,0,7.2152305,0.40607734806629836,0.135625,-0.11949741
COMPLEX OBSTACLE_15,COMPLEX OBSTACLE,COLLISION,7.170888407142023,5.545888961172453,1.6249994459695696,3,1,6.158045,0.4049586776859504,0.060652185,0.17410049
COMPLEX OBSTACLE_16,COMPLEX OBSTACLE,COLLISION,6.395119690479935,3.544056773110954,2.851062917368981,20,3,11.591347,0.22589928057553957,0.15400162,-0.19715738
COMPLEX OBSTACLE_17,COMPLEX OBSTACLE,COLLISION,7.348310750341127,6.5089227442506905,0.8393880060904362,177,0,8.26948,0.04084720121028744,-0.11306089,-0.014678946
COMPLEX OBSTACLE_18,COMPLEX OBSTACLE,SUCCESS,6.4559717069405025,0.4932644591242663,5.962707247816236,59,2,9.887312,0.3888888888888889,0.13519996,-0.04347243
COMPLEX OBSTACLE_19,COMPLEX OBSTACLE,COLLISION,8.19377795067983,7.236955189404291,0.9568227612755393,5,1,5.72649,0.3776824034334764,0.13426374,0.12418643
COMPLEX OBSTACLE_20,COMPLEX OBSTACLE,COLLISION,8.488576906687129,5.080790506489672,3.407786400197457,17,0,3.9798715,0.3108108108108108,0.15475851,-0.04996307
COMPLEX OBSTACLE_21,COMPLEX OBSTACLE,COLLISION,5.076324396259727,4.092204985280196,0.984119410979531,3,1,6.1947246,0.4678111587982833,0.14515568,0.1372885
COMPLEX OBSTACLE_22,COMPLEX OBSTACLE,SUCCESS,7.517232496271056,0.49354240563677393,7.0236900906342825,59,2,9.66284,0.2871900826446281,0.18391222,0.017437834
COMPLEX OBSTACLE_23,COMPLEX OBSTACLE,COLLISION,7.009149846235001,1.340293801309512,5.668856044925489,65,0,6.6968675,0.373134328358209,0.17832819,0.13720112
COMPLEX OBSTACLE_24,COMPLEX OBSTACLE,TIMEOUT,3.7328936750142327,3.265428967843332,0.4674647071709006,5,3,9.950545,0.16,0.15166183,0.03786151
COMPLEX OBSTACLE_25,COMPLEX OBSTACLE,SUCCESS,9.291293361617887,0.48605630075543416,8.805237060862453,49,0,7.9436045,0.288981288981289,0.13885225,0.013719464
COMPLEX OBSTACLE_26,COMPLEX OBSTACLE,COLLISION,5.711674750872189,2.606456550032681,3.105218200839508,60,0,12.6988,0.5152603231597845,0.06476238,0.1821127
COMPLEX OBSTACLE_27,COMPLEX OBSTACLE,SUCCESS,7.325651119590027,0.4904141661678442,6.835236953422183,35,0,7.354169,0.3837837837837838,0.14959002,-0.01300962
COMPLEX OBSTACLE_28,COMPLEX OBSTACLE,TIMEOUT,6.148427724555128,2.7683596248442828,3.380068099710845,26,1,5.357908,0.115,-0.066217996,-0.00044150394
COMPLEX OBSTACLE_29,COMPLEX OBSTACLE,COLLISION,5.347671896042815,1.5198809456618836,3.8277909503809315,24,1,8.381766,0.3034934497816594,0.20934744,-0.3299111
COMPLEX OBSTACLE_30,COMPLEX OBSTACLE,SUCCESS,4.204976491782658,0.49056677487936223,3.714409716903296,16,4,3.8658943,0.24609375,0.16903214,-0.013681322
TOP_LEFT_1,TOP_LEFT,COLLISION,8.092354575529013,7.173648235215696,0.9187063403133173,5,1,5.6540103,0.3865546218487395,0.13337408,0.12198895
TOP_LEFT_2,TOP_LEFT,SUCCESS,4.916853960240744,0.49420748357152167,4.422646476669223,13,1,8.501341,0.34782608695652173,0.17896587,0.05417244
TOP_LEFT_3,TOP_LEFT,COLLISION,5.444826847153105,4.193884877592766,1.2509419695603388,3,1,6.4316287,0.5,0.1303039,0.15448132
TOP_LEFT_4,TOP_LEFT,COLLISION,7.665971811077395,4.15855055617275,3.5074212549046457,18,1,9.031842,0.4369747899159664,0.21587472,-0.22274601
TOP_LEFT_5,TOP_LEFT,COLLISION,6.2595623948779675,5.202563683429985,1.0569987114479824,5,1,5.6009035,0.4675925925925926,0.1302818,0.13268147
TOP_LEFT_6,TOP_LEFT,SUCCESS,4.957044092706359,0.48404333275333145,4.4730007599530275,18,1,9.58813,0.379746835443038,0.13602854,0.036579978
TOP_LEFT_7,TOP_LEFT,COLLISION,7.972236999570025,7.09757559083158,0.8746614087384446,5,1,5.7761188,0.3891213389121339,0.13633575,0.11602682
TOP_LEFT_8,TOP_LEFT,SUCCESS,5.184851478305864,0.4957797531456849,4.689071725160179,23,1,9.509936,0.3446601941747573,0.17585047,0.16629568
TOP_LEFT_9,TOP_LEFT,SUCCESS,3.466638073579731,0.4974448808254764,2.9691931927542545,4,1,5.7355356,0.28955223880597014,0.17918384,-0.092069186
TOP_LEFT_10,TOP_LEFT,SUCCESS,5.958563027598564,0.4954796279496569,5.463083399648907,26,3,9.432623,0.3242009132420091,0.15306193,-0.05349875
TOP_RIGHT_1,TOP_RIGHT,COLLISION,5.611185045866299,1.94490350883862,3.666281537027679,41,21,7.8563867,0.22006472491909385,0.13236739,-0.024126342
TOP_RIGHT_2,TOP_RIGHT,COLLISION,5.473133903813281,1.6486363481988278,3.824497555614453,20,0,5.143696,0.40551181102362205,0.15063526,0.009370413
TOP_RIGHT_3,TOP_RIGHT,SUCCESS,7.66297430927992,0.49126935537460076,7.171704953905319,49,0,3.7530804,0.16981132075471697,0.14440484,0.05170338
TOP_RIGHT_4,TOP_RIGHT,SUCCESS,5.238834822963395,0.49864348396126296,4.740191339002132,30,3,7.6285987,0.4824561403508772,0.19086689,-0.14838734
TOP_RIGHT_5,TOP_RIGHT,COLLISION,8.179218183135681,2.106166173268808,6.073052009866873,27,0,3.9933949,0.20121951219512196,0.15236598,0.08857706
TOP_RIGHT_6,TOP_RIGHT,SUCCESS,6.456375974648932,0.49870687900423655,5.957669095644695,26,0,7.321693,0.41002949852507375,0.13366169,-0.16311806
TOP_RIGHT_7,TOP_RIGHT,COLLISION,5.794994306364443,1.5755752409830501,4.219419065381393,39,0,6.359743,0.31932773109243695,0.09323216,0.10625809
TOP_RIGHT_8,TOP_RIGHT,SUCCESS,7.050566742169187,0.49472717357544926,6.555839568593738,29,0,12.800163,0.31130690161527164,0.16513973,-0.08483713
TOP_RIGHT_9,TOP_RIGHT,TIMEOUT,6.938959835519224,7.164495074535959,-0.2255352390167351,29,29,12.452698,0.235,-0.04909057,0.0262772
TOP_RIGHT_10,TOP_RIGHT,SUCCESS,6.754863718844164,0.4885897614753637,6.2662739573688,46,0,6.546164,0.4246153846153846,0.18468739,-0.1689287
BOTTOM_LEFT_1,BOTTOM_LEFT,SUCCESS,4.545600679732337,0.48346316251381505,4.062137517218522,17,2,7.780529,0.4416961130742049,0.17724894,0.21959685
BOTTOM_LEFT_2,BOTTOM_LEFT,SUCCESS,8.496748744594312,0.4996207760974704,7.997127968496842,27,0,10.076743,0.3737166324435318,0.16204864,-0.049671628
BOTTOM_LEFT_3,BOTTOM_LEFT,SUCCESS,6.026884249771194,0.49851730720540843,5.5283669425657855,14,0,8.584693,0.4691780821917808,0.24874161,-0.003985129
BOTTOM_LEFT_4,BOTTOM_LEFT,COLLISION,7.980943618856603,4.947363342581169,3.0335802762754343,12,0,6.3465543,0.4342629482071713,0.16829482,0.025610728
BOTTOM_LEFT_5,BOTTOM_LEFT,TIMEOUT,7.643026004534593,4.296848236714082,3.346177767820511,36,1,8.779586,0.08875,-0.06667302,-0.0021774909
BOTTOM_LEFT_6,BOTTOM_LEFT,SUCCESS,6.177625285451955,0.4869140595301158,5.69071122592184,27,0,9.424485,0.49117647058823527,0.16752808,-0.09136231
BOTTOM_LEFT_7,BOTTOM_LEFT,COLLISION,6.614764159866655,3.485772515679217,3.128991644187438,29,4,5.896631,0.22741433021806853,0.019383157,0.042007662
BOTTOM_LEFT_8,BOTTOM_LEFT,COLLISION,7.26070771386422,3.4731122757028605,3.7875954381613597,17,3,7.7503014,0.45666666666666667,0.013612747,0.14900292
BOTTOM_LEFT_9,BOTTOM_LEFT,COLLISION,8.482761045143016,2.2486263220930014,6.2341347230500155,39,2,6.5254617,0.2180232558139535,0.15554011,0.09164411
BOTTOM_LEFT_10,BOTTOM_LEFT,SUCCESS,4.98252275524432,0.49606906822181424,4.486453687022506,13,2,7.612098,0.42857142857142855,0.20130716,0.015657542
BOTTOM_RIGHT_1,BOTTOM_RIGHT,SUCCESS,3.3001601114305017,0.47981764510285685,2.820342466327645,20,0,3.039749,0.37333333333333335,0.17191787,-0.09376402
BOTTOM_RIGHT_2,BOTTOM_RIGHT,COLLISION,7.371076220940787,3.7424025569395463,3.6286736640012407,26,10,3.9436758,0.3453815261044177,0.10141013,-0.0022159966
BOTTOM_RIGHT_3,BOTTOM_RIGHT,SUCCESS,5.346505878068295,0.48486612680305013,4.861639751265245,32,0,4.071693,0.3125,0.2038675,0.114070244
BOTTOM_RIGHT_4,BOTTOM_RIGHT,COLLISION,6.954556451098102,3.200945735617783,3.753610715480319,25,6,4.6204314,0.40789473684210525,0.14830029,0.01883971
BOTTOM_RIGHT_5,BOTTOM_RIGHT,TIMEOUT,6.8128393742730315,3.680570356023498,3.1322690182495334,63,1,6.375627,0.1025,-0.055444684,0.00072411174
BOTTOM_RIGHT_6,BOTTOM_RIGHT,SUCCESS,7.2105313444155295,0.49892577677340133,6.7116055676421285,18,0,3.7733643,0.22108843537414966,0.16428526,0.026576381
BOTTOM_RIGHT_7,BOTTOM_RIGHT,TIMEOUT,5.594622779215374,2.212480890512301,3.382141888703073,36,3,6.7568526,0.1,-0.06617869,-0.0004130993
BOTTOM_RIGHT_8,BOTTOM_RIGHT,SUCCESS,5.402259392423533,0.4975389304160852,4.904720462007448,29,0,4.757001,0.41735537190082644,0.19308186,-0.096296184
BOTTOM_RIGHT_9,BOTTOM_RIGHT,COLLISION,6.164741024867735,2.2407680085079242,3.9239730163598106,30,1,4.817878,0.18218623481781376,-0.0650327,0.011582749
BOTTOM_RIGHT_10,BOTTOM_RIGHT,SUCCESS,3.3393013112823735,0.4800942992294485,2.859207012052925,28,2,4.320055,0.5590062111801242,0.13390929,-0.18134537
RANDOM_1,RANDOM,SUCCESS,5.729884240749792,0.4830994195926623,5.24678482115713,26,0,4.228481,0.30962343096234307,0.18483068,0.123486206
RANDOM_2,RANDOM,SUCCESS,3.453516015577338,0.4978021822343646,2.9557138333429736,28,0,4.7783704,0.4444444444444444,0.17234355,-0.03794407
RANDOM_3,RANDOM,COLLISION,6.664075065576357,1.4065953243943115,5.2574797411820455,57,0,6.7414484,0.37423312883435583,0.18658468,0.1490463
RANDOM_4,RANDOM,SUCCESS,4.585294204909232,0.4920568437482325,4.093237361160999,12,0,6.13525,0.31521739130434784,0.16164352,-0.0040317373
RANDOM_5,RANDOM,TIMEOUT,5.121125363835718,1.8806189026234423,3.240506461212276,44,3,7.5815797,0.15125,-0.07439588,-0.0005128554
RANDOM_6,RANDOM,SUCCESS,5.071443550986199,0.4914104799892643,4.580033070996935,14,2,7.56587,0.4473684210526316,0.21656515,-0.044333175
RANDOM_7,RANDOM,SUCCESS,5.989916400095275,0.4983649683029526,5.491551431792322,27,0,3.9120233,0.27626459143968873,0.23703907,0.11369824
RANDOM_8,RANDOM,SUCCESS,1.5427732970585728,0.4835920230350815,1.0591812740234914,0,0,3.1490135,0.7066666666666667,0.1515193,-0.41793966
RANDOM_9,RANDOM,SUCCESS,3.3479406500730757,0.49108892257273007,2.8568517275003456,2,1,8.068636,0.2887323943661972,0.15130049,-0.28215846
RANDOM_10,RANDOM,SUCCESS,6.630889572151206,0.49538703475846485,6.135502537392742,19,0,9.051745,0.5045045045045045,0.22229646,-0.04546802
RANDOM_11,RANDOM,COLLISION,7.917686894633548,6.860382225323137,1.0573046693104118,9,1,5.5677586,0.42081447963800905,0.16506787,0.027924487
RANDOM_12,RANDOM,SUCCESS,4.29184728443394,0.49761453526405136,3.794232749169889,6,0,5.353164,0.4046511627906977,0.17914161,0.054831833
RANDOM_13,RANDOM,SUCCESS,4.968167140445764,0.490759374894544,4.47740776555122,23,1,6.2891364,0.3755274261603376,0.23499523,0.029686246
RANDOM_14,RANDOM,SUCCESS,4.588054927609672,0.4959032346434684,4.092151692966204,19,2,5.276027,0.34513274336283184,0.15678631,0.050213642
RANDOM_15,RANDOM,SUCCESS,5.678655077420451,0.4905937732630304,5.188061304157421,39,0,3.9666061,0.27309236947791166,0.2214839,0.1776572
RANDOM_16,RANDOM,SUCCESS,2.689739620139353,0.47833925520761966,2.2114003649317335,6,2,5.0289164,0.4155844155844156,0.17545828,-0.050881658
RANDOM_17,RANDOM,SUCCESS,1.662977707992074,0.48684929958775885,1.176128408404315,7,2,8.146252,0.6650246305418719,0.21110356,0.42284888
RANDOM_18,RANDOM,SUCCESS,8.55760324716594,0.4996737325918945,8.057929514574045,38,0,8.514588,0.3525773195876289,0.15221053,-0.06360646
RANDOM_19,RANDOM,COLLISION,6.937638364944203,1.2045327644015744,5.733105600542628,38,2,10.32386,0.24926686217008798,0.073612176,-0.062064767
RANDOM_20,RANDOM,SUCCESS,7.16705719415696,0.48467760240271973,6.6823795917542395,25,0,3.7861843,0.18211920529801323,0.1519269,0.00048002577
