scenario_id,category,total_steps,final_dist,min_clearance,max_linear,mean_linear,mean_angular,l20_min_lidar,l20_mean_linear,l20_mean_angular,fallback_count,oscillation,no_turn,q1_bad_start,q2_narrow_passage,q3_turning_collision,q4_speed_during_turn,q5_unsafe_nav2,q6_ppo_deviated,orig_failure_reason,geo_cause,geo_rationale
EASY / OPEN_20,EASY / OPEN,172,2.5436,0.3002,0.3307,0.1112,0.3251,0.3024,0.0027,0.0042,0,False,False,False,True,False,False,False,False,EXCESSIVE_SPEED,NARROW_PASSAGE,min_clearance=0.300m throughout episode. Robot footprint (r=0.105m) was close to wall. Corridor too narrow for reliable passage.
EASY / OPEN_21,EASY / OPEN,168,7.48,0.3,0.3353,0.2099,0.2694,0.3002,0.0016,0.0132,0,False,False,False,True,False,False,False,False,EXCESSIVE_SPEED,NARROW_PASSAGE,min_clearance=0.300m throughout episode. Robot footprint (r=0.105m) was close to wall. Corridor too narrow for reliable passage.
EASY / OPEN_24,EASY / OPEN,179,0.7394,0.3,0.3463,0.2261,0.2712,0.3026,0.0016,0.0109,0,False,False,False,True,False,False,False,False,EXCESSIVE_SPEED,NARROW_PASSAGE,min_clearance=0.300m throughout episode. Robot footprint (r=0.105m) was close to wall. Corridor too narrow for reliable passage.
WALL-BLOCKED_3,WALL-BLOCKED,121,6.2366,0.3001,0.3149,0.0944,0.2557,0.3001,0.0124,0.0204,0,False,False,False,True,False,False,False,False,EXCESSIVE_SPEED,NARROW_PASSAGE,min_clearance=0.300m throughout episode. Robot footprint (r=0.105m) was close to wall. Corridor too narrow for reliable passage.
WALL-BLOCKED_8,WALL-BLOCKED,92,6.2515,0.3003,0.3388,0.1453,0.4287,0.3005,0.0023,0.0344,0,False,False,True,True,False,False,True,False,EXCESSIVE_SPEED,UNSAFE_NAV2_PATH,Fallback count=0 (Nav2 path absent/stale). Episode only 92 steps before collision. Nav2 could not provide a safe path through this geometry.
WALL-BLOCKED_14,WALL-BLOCKED,320,0.3609,0.3005,0.4278,0.2634,0.2534,0.3037,0.2602,0.122,0,False,False,False,True,False,False,False,True,LATE_OBSTACLE_REACTION,LATE_REACTION,Nav2 was active (fallback=0) but PPO maintained l20_linear=0.260 m/s into obstacle (clearance=0.304m). PPO failed to slow despite Nav2 providing a path. Late braking = LATE_REACTION.
WALL-BLOCKED_18,WALL-BLOCKED,165,6.6443,0.3001,0.2498,0.0842,0.2127,0.3001,0.0019,0.028,0,False,False,False,True,False,False,False,False,WRONG_LOCAL_MANEUVER,NARROW_PASSAGE,min_clearance=0.300m throughout episode. Robot footprint (r=0.105m) was close to wall. Corridor too narrow for reliable passage.
WALL-BLOCKED_20,WALL-BLOCKED,207,4.3543,0.3001,0.3358,0.2268,0.1963,0.3002,0.013,0.0529,0,False,False,False,True,False,False,False,False,EXCESSIVE_SPEED,NARROW_PASSAGE,min_clearance=0.300m throughout episode. Robot footprint (r=0.105m) was close to wall. Corridor too narrow for reliable passage.
WALL-BLOCKED_25,WALL-BLOCKED,83,3.2633,0.3001,0.2924,0.0965,0.2211,0.3001,0.0073,0.0262,0,False,False,True,True,False,False,True,False,WRONG_LOCAL_MANEUVER,UNSAFE_NAV2_PATH,Fallback count=0 (Nav2 path absent/stale). Episode only 83 steps before collision. Nav2 could not provide a safe path through this geometry.
WALL-BLOCKED_28,WALL-BLOCKED,228,1.8309,0.3001,0.3367,0.2244,0.2532,0.3017,0.0023,0.0115,0,False,False,False,True,False,False,False,False,EXCESSIVE_SPEED,NARROW_PASSAGE,min_clearance=0.300m throughout episode. Robot footprint (r=0.105m) was close to wall. Corridor too narrow for reliable passage.
COMPLEX OBSTACLE_2,COMPLEX OBSTACLE,181,7.2765,0.3,0.3471,0.1435,0.3813,0.3038,0.174,0.1654,0,False,False,False,True,False,False,False,True,LATE_OBSTACLE_REACTION,LATE_REACTION,Nav2 was active (fallback=0) but PPO maintained l20_linear=0.174 m/s into obstacle (clearance=0.304m). PPO failed to slow despite Nav2 providing a path. Late braking = LATE_REACTION.
COMPLEX OBSTACLE_8,COMPLEX OBSTACLE,251,1.2213,0.3001,0.3366,0.1974,0.1987,0.3001,0.0066,0.0325,0,False,False,False,True,False,False,False,False,EXCESSIVE_SPEED,NARROW_PASSAGE,min_clearance=0.300m throughout episode. Robot footprint (r=0.105m) was close to wall. Corridor too narrow for reliable passage.
COMPLEX OBSTACLE_14,COMPLEX OBSTACLE,210,2.5486,0.3,0.3373,0.2611,0.194,0.3,0.2484,0.2704,0,False,False,False,True,False,True,False,True,LATE_OBSTACLE_REACTION,SPEED_DURING_TURN,"High forward velocity during turn: l20_linear=0.248 m/s, l20_angular=0.270 rad/s, max_vel=0.337 m/s. Robot approached curved obstacle at speed it could not brake from."
COMPLEX OBSTACLE_17,COMPLEX OBSTACLE,266,6.5004,0.3,0.3378,0.0366,0.0941,0.3013,0.003,0.0369,0,False,False,False,True,False,False,False,False,EXCESSIVE_SPEED,NARROW_PASSAGE,min_clearance=0.300m throughout episode. Robot footprint (r=0.105m) was close to wall. Corridor too narrow for reliable passage.
COMPLEX OBSTACLE_18,COMPLEX OBSTACLE,281,3.7324,0.3001,0.3372,0.2863,0.2704,0.3002,0.2446,0.3987,0,False,False,False,True,False,True,False,True,LATE_OBSTACLE_REACTION,SPEED_DURING_TURN,"High forward velocity during turn: l20_linear=0.245 m/s, l20_angular=0.399 rad/s, max_vel=0.337 m/s. Robot approached curved obstacle at speed it could not brake from."
COMPLEX OBSTACLE_20,COMPLEX OBSTACLE,121,7.8662,0.3,0.3162,0.1089,0.3418,0.3002,-0.0027,0.0566,0,False,False,False,True,False,False,False,False,EXCESSIVE_SPEED,NARROW_PASSAGE,min_clearance=0.300m throughout episode. Robot footprint (r=0.105m) was close to wall. Corridor too narrow for reliable passage.
COMPLEX OBSTACLE_23,COMPLEX OBSTACLE,312,7.6463,0.3,0.2776,0.0326,0.0575,0.3,0.001,0.0054,0,False,False,False,False,False,False,False,False,WRONG_LOCAL_MANEUVER,OTHER,"No dominant geometric pattern. min_c=0.300m, max_lin=0.278, l20_lin=0.001, l20_ang=0.005, steps=312."
COMPLEX OBSTACLE_26,COMPLEX OBSTACLE,285,3.2164,0.3,0.34,0.1735,0.1638,0.3002,0.0066,0.032,0,False,False,False,True,False,False,False,False,EXCESSIVE_SPEED,NARROW_PASSAGE,min_clearance=0.300m throughout episode. Robot footprint (r=0.105m) was close to wall. Corridor too narrow for reliable passage.
TOP_RIGHT_1,TOP_RIGHT,226,1.7662,0.3005,0.3409,0.2595,0.2859,0.3005,0.2852,0.289,0,False,False,False,True,False,True,False,True,LATE_OBSTACLE_REACTION,SPEED_DURING_TURN,"High forward velocity during turn: l20_linear=0.285 m/s, l20_angular=0.289 rad/s, max_vel=0.341 m/s. Robot approached curved obstacle at speed it could not brake from."
TOP_RIGHT_2,TOP_RIGHT,183,1.3178,0.3001,0.3358,0.2868,0.1926,0.3001,0.2933,0.2453,0,False,False,False,True,False,False,False,True,LATE_OBSTACLE_REACTION,LATE_REACTION,Nav2 was active (fallback=0) but PPO maintained l20_linear=0.293 m/s into obstacle (clearance=0.300m). PPO failed to slow despite Nav2 providing a path. Late braking = LATE_REACTION.
BOTTOM_LEFT_8,BOTTOM_LEFT,369,0.3391,0.3001,0.3361,0.2436,0.2287,0.3006,0.0005,0.0041,0,False,False,False,True,False,False,False,False,EXCESSIVE_SPEED,NARROW_PASSAGE,min_clearance=0.300m throughout episode. Robot footprint (r=0.105m) was close to wall. Corridor too narrow for reliable passage.
BOTTOM_RIGHT_9,BOTTOM_RIGHT,152,5.3232,0.3005,0.3338,0.1012,0.3479,0.3009,-0.0038,0.0221,0,False,False,False,True,False,False,False,False,EXCESSIVE_SPEED,NARROW_PASSAGE,min_clearance=0.300m throughout episode. Robot footprint (r=0.105m) was close to wall. Corridor too narrow for reliable passage.
RANDOM_4,RANDOM,217,6.8395,0.3001,0.3362,0.1437,0.3009,0.3016,0.0,0.0118,0,False,False,False,True,False,False,False,False,EXCESSIVE_SPEED,NARROW_PASSAGE,min_clearance=0.300m throughout episode. Robot footprint (r=0.105m) was close to wall. Corridor too narrow for reliable passage.
RANDOM_18,RANDOM,184,4.6582,0.3004,0.339,0.2813,0.2018,0.3004,0.2848,0.2639,0,False,False,False,True,False,True,False,True,LATE_OBSTACLE_REACTION,SPEED_DURING_TURN,"High forward velocity during turn: l20_linear=0.285 m/s, l20_angular=0.264 rad/s, max_vel=0.339 m/s. Robot approached curved obstacle at speed it could not brake from."
