episode,initial_pos_x,initial_pos_y,goal_x,goal_y,initial_distance,final_pos_x,final_pos_y,final_distance,distance_reduction,steps,duration_s,path_length,termination,min_lidar_clearance,min_lidar_before_collision,linear_vel_mean,linear_vel_min,linear_vel_max,angular_vel_mean,angular_vel_min,angular_vel_max,pct_forward,pct_backward,pct_stationary,pct_high_angular,inflation_zone_steps,collision_risk_events,distance_before_termination,collision_pos_x,collision_pos_y,collision_goal_x,collision_goal_y,collision_min_lidar,collision_linear_vel,collision_angular_vel,collision_motion_state,collision_classification,timeout_classification
1,0.00012968014849071285,3.092182608296943e-05,4.109340667724609,-0.9168233871459961,4.210253764833774,4.0554859176406275,-0.4214194484401722,0.49832258286360237,3.7119,452,22.6,11.6549,SUCCESS,0.7556,,0.250948,-0.039707,0.33,0.220218,-1.063662,1.032006,99.12,0.0,0.88,0.66,0,0,0.4983,,,,,,,,,,
2,0.04623902395772861,0.005672821172620397,3.917095422744751,4.290964603424072,5.774708210729115,2.9456142990697356,2.4347727394969847,2.095047447998729,3.6797,242,12.1,4.9994,COLLISION,0.3,0.3036,0.202169,0.045182,0.33,-0.090368,-0.923321,0.764012,98.76,0.0,1.24,0.0,40,0,2.095,2.9456142990697356,2.4347727394969847,3.917095422744751,4.290964603424072,0.3036,0.06674,-0.046068,FORWARD,FRONT_COLLISION,
3,0.005854908736289688,0.0007590344991348396,-5.578295707702637,-0.744210958480835,5.633623913389659,-6.061765584191119,-0.6944533410896623,0.48602360226663327,5.1476,305,15.25,8.0885,SUCCESS,0.5393,,0.256232,-0.014705,0.33,-0.037864,-1.460314,0.853423,98.36,0.0,1.64,6.23,0,0,0.486,,,,,,,,,,
4,0.0357896786692766,-0.006511820684419162,-0.8487870097160339,-4.091419219970703,4.179586627691614,-0.7897182409245191,-3.608634542623351,0.48638479018975533,3.6932,209,10.45,4.2671,SUCCESS,0.8849,,0.187148,0.019783,0.297058,-0.148207,-1.427536,0.386946,97.13,0.0,2.87,2.39,0,0,0.4864,,,,,,,,,,
5,0.020335286578356288,-0.002187803325543932,0.8187717795372009,-6.542741298675537,6.589107743755859,0.359565415084816,-6.7013860898287785,0.48583809537090866,6.1033,297,14.85,7.5325,SUCCESS,0.6355,,0.251324,0.059878,0.33,-0.018054,-1.348011,0.625134,100.0,0.0,0.0,0.34,0,0,0.4858,,,,,,,,,,
6,0.02767985097850187,-0.0029030375078865855,4.914467811584473,1.9749659299850464,5.271874640438164,4.457157057067549,1.833246425719038,0.47876669066074434,4.7931,253,12.65,5.9231,SUCCESS,0.3,,0.223033,0.024843,0.33,-0.124701,-0.733329,0.527115,98.02,0.0,1.98,0.0,43,0,0.4788,,,,,,,,,,
7,0.07609666416952993,0.0008304441200386099,3.8713161945343018,-2.182110548019409,4.378232823734361,3.5821872466069125,-2.582492092629303,0.4938632703429194,3.8844,187,9.35,4.6078,SUCCESS,0.3746,,0.246176,0.063614,0.33,0.000135,-0.96727,0.856711,100.0,0.0,0.0,0.0,9,0,0.4939,,,,,,,,,,
8,0.028176220407808233,-0.004084645094916045,4.175752639770508,-4.580419540405273,6.176182577327905,2.882216114763153,-2.470418394784128,2.4749427419741754,3.7012,225,11.25,4.0624,COLLISION,0.3001,0.3062,0.188293,0.036502,0.33,-0.024881,-1.193167,0.60543,96.44,0.0,3.56,0.44,63,0,2.4749,2.882216114763153,-2.470418394784128,4.175752639770508,-4.580419540405273,0.3062,0.079778,0.220784,FORWARD,FRONT_COLLISION,
9,0.13610041675273815,-0.04561110416828547,-0.4991849362850189,-6.8429436683654785,6.8269552121044335,-0.8984657635092865,-6.551043359869952,0.49460182883677173,6.3324,318,15.9,7.5538,SUCCESS,0.6108,,0.23118,0.027524,0.33,-0.072336,-1.431196,0.851504,99.69,0.0,0.31,2.52,0,0,0.4946,,,,,,,,,,
10,0.02383176909990875,-0.009766912232154739,3.6714322566986084,7.012646198272705,7.913234181529118,2.9864175793627683,2.4156563546546406,4.647747920282808,3.2655,279,13.95,4.9593,COLLISION,0.3002,0.307,0.180983,0.010416,0.33,-0.075144,-0.757735,0.600882,93.19,0.0,6.81,0.0,77,0,4.6477,2.9864175793627683,2.4156563546546406,3.6714322566986084,7.012646198272705,0.307,0.081283,-0.056397,FORWARD,FRONT_COLLISION,
11,0.05238482402979405,-0.009941637461332094,-2.612619638442993,-1.9431043863296509,3.292319394987671,-3.089404339929571,-1.9264526803212039,0.4770753932919168,2.8152,233,11.65,5.9178,SUCCESS,0.8522,,0.243731,0.003328,0.33,-0.03638,-1.459668,0.956229,98.71,0.0,1.29,6.87,0,0,0.4771,,,,,,,,,,
12,0.040709902908627665,-0.0013821660842749535,-0.4566628336906433,-4.657929420471191,4.68303448326516,-0.5608614069857929,-4.176257677916761,0.4928133624935169,4.1902,236,11.8,4.7099,SUCCESS,0.8507,,0.183216,0.017932,0.304281,-0.127463,-1.415167,0.529975,98.31,0.0,1.69,2.12,0,0,0.4928,,,,,,,,,,
13,0.17969092221026448,-0.14937781969104158,-0.9427211880683899,4.990172863006592,5.2606834313915805,1.900458823818183,2.462371850571519,3.8043988406132065,1.4563,349,17.45,5.4516,COLLISION,0.3001,0.3001,0.166192,-0.091815,0.33,0.055168,-1.127424,0.988337,78.51,0.86,20.63,0.29,126,0,3.8044,1.900458823818183,2.462371850571519,-0.9427211880683899,4.990172863006592,0.3001,0.105597,0.307884,FORWARD,FRONT_COLLISION,
14,0.09050772906566998,-0.029416686280141807,4.9838972091674805,4.571465492248535,6.716649270631439,3.978189097123289,1.9060759850765743,2.848815548885866,3.8678,800,40.0,5.258,TIMEOUT,0.5964,,0.059782,-0.009519,0.33,0.000524,-0.608124,0.38955,24.25,0.0,75.75,0.0,0,0,2.8488,,,,,,,,,,TOO_SLOW
15,-1.863170802407499e-05,0.00015751098161601192,-4.501377105712891,-7.389565944671631,8.652759147377626,-4.457061762159587,-6.906522370410096,0.48507210217616725,8.1677,454,22.7,9.7829,SUCCESS,0.3003,,0.206384,0.040934,0.33,-0.138578,-1.449571,0.652455,99.56,0.0,0.44,1.76,45,0,0.4851,,,,,,,,,,
16,0.02589532416181678,-0.003618867907092802,3.0774807929992676,4.210935592651367,5.203330008238291,-0.07099153013772745,-0.41452122816457615,5.595330979557188,-0.392,800,40.0,8.4194,TIMEOUT,0.8696,,0.003127,-0.093255,0.33,-0.002012,-0.518742,0.627185,24.75,60.38,14.88,0.0,0,0,5.5953,,,,,,,,,,OTHER
17,0.0010130599859878575,0.0001966508746411003,2.5260443687438965,-0.4335569143295288,2.5620158597352605,2.1698952256001016,-0.7626105563257245,0.48489020558577983,2.0771,95,4.75,2.3288,SUCCESS,0.8143,,0.238427,0.054172,0.33,-0.168169,-1.024785,0.428062,100.0,0.0,0.0,1.05,0,0,0.4849,,,,,,,,,,
18,0.03315243164811432,0.0010946991189007588,0.9785416126251221,3.974982976913452,4.084794823231801,-0.14192022947964994,-0.12668535839740563,4.25195459436064,-0.1672,800,40.0,7.4473,TIMEOUT,0.9197,,-0.000983,-0.099461,0.33,-0.005709,-0.437564,0.645856,22.62,50.75,26.62,0.0,0,0,4.252,,,,,,,,,,OTHER
19,-0.0009502300723006063,0.0007375810581331339,0.888107419013977,-2.940748453140259,3.0729080026553026,0.4080348701635683,-2.890138018761514,0.48273291603922486,2.5902,157,7.85,3.5101,SUCCESS,0.7694,,0.213038,0.029622,0.33,-0.138998,-1.449046,0.426043,96.82,0.0,3.18,1.91,0,0,0.4827,,,,,,,,,,
20,0.053208240249250055,-0.0023699082849485036,-7.0377326011657715,-0.9492391347885132,7.15388030012713,-6.622125890977541,-0.691078342403941,0.48926059751232154,6.6646,385,19.25,8.5091,SUCCESS,0.3,,0.208317,-0.067377,0.33,-0.082159,-1.422225,1.057891,93.25,2.86,3.9,1.82,46,0,0.4893,,,,,,,,,,
21,0.02373361118415815,-3.681292446752991e-05,-4.2812299728393555,-1.3720703125,4.518316875090331,-4.346060498945314,-0.8937639631812926,0.48267997774277394,4.0356,275,13.75,5.9487,SUCCESS,0.6382,,0.200662,-0.00058,0.33,-0.196094,-1.465343,0.873295,98.55,0.0,1.45,5.82,0,0,0.4827,,,,,,,,,,
22,0.07103406583071442,-0.01150315093941923,5.301045894622803,-3.990907669067383,6.571809800062873,2.566149456577172,-3.2106700042690512,2.84401641000973,3.7278,406,20.3,5.9253,COLLISION,0.4564,0.5096,0.098547,-0.074745,0.33,-0.071876,-1.195146,0.533171,44.83,26.85,28.33,0.25,39,0,2.844,2.566149456577172,-3.2106700042690512,5.301045894622803,-3.990907669067383,0.5096,-0.019552,-0.02309,STATIONARY,OTHER,
23,-0.00023065411107009437,9.50722706353143e-06,-3.0960936546325684,2.4287476539611816,3.934861713376908,-3.097538376196686,1.9385487486234145,0.4902010342856724,3.4447,340,17.0,5.0327,SUCCESS,0.3057,,0.115698,-0.099521,0.33,-0.002159,-0.669954,0.674912,70.29,7.06,22.65,0.0,40,0,0.4902,,,,,,,,,,
24,0.0797674822305712,-0.0017040267246840517,0.855482280254364,4.258472919464111,4.330224135158778,-0.22729325351767848,-0.018745531153295608,4.4121423969356774,-0.0819,800,40.0,7.3089,TIMEOUT,0.9066,,-0.003856,-0.100174,0.33,-0.012167,-0.434456,0.657546,22.12,51.5,26.38,0.0,0,0,4.4121,,,,,,,,,,OTHER
25,-0.001554051569696624,-3.462461556842499e-06,2.46470308303833,-1.404197096824646,2.8379894321140124,2.0730480301927336,-1.134015391025983,0.47580650958952025,2.3622,100,5.0,2.4221,SUCCESS,0.5981,,0.235595,-0.005885,0.33,-0.134564,-1.19382,0.444667,96.0,0.0,4.0,1.0,0,0,0.4758,,,,,,,,,,
26,0.030457170273666817,-0.0008187241177481274,4.710305690765381,-4.995406150817871,6.8444784854435365,1.757495995462654,-4.8974599788875715,2.954433710420591,3.89,800,40.0,6.0512,TIMEOUT,0.4049,,0.074812,0.002346,0.33,-0.017789,-0.995929,0.449618,22.62,0.0,77.38,0.0,0,0,2.9544,,,,,,,,,,TOO_SLOW
27,0.0004631119719825383,0.00014359164988129793,3.335390329360962,-0.5718415379524231,3.383623284848354,3.8315332092270524,-0.5776645953808234,0.49617705029518683,2.8874,184,9.2,4.4806,SUCCESS,0.8171,,0.237411,0.019496,0.33,-0.020816,-1.005126,0.959502,98.37,0.0,1.63,0.54,0,0,0.4962,,,,,,,,,,
28,0.03735679160850372,-0.007206179634537961,-0.8076558709144592,-1.7846815586090088,1.9681120706617765,-1.382619616049416,-1.3768260432789468,0.7049322163192473,1.2632,800,40.0,20.0076,TIMEOUT,0.8243,,0.239671,0.033848,0.33,0.308292,-1.459843,1.041438,99.62,0.0,0.38,0.75,0,0,0.7049,,,,,,,,,,NEAR_GOAL_BUT_NOT_REACHED
29,0.02831544018920737,-0.009969112012196406,-2.97731876373291,1.9542388916015625,3.5905361785180343,-3.059874456831129,1.47288452657659,0.4883825009063304,3.1022,235,11.75,4.9682,SUCCESS,0.4444,,0.195405,0.02929,0.33,-0.231075,-1.468495,0.165052,99.15,0.0,0.85,2.55,0,0,0.4884,,,,,,,,,,
30,0.083969831892274,0.009836289484112446,-3.5119504928588867,7.0376458168029785,7.894349228038516,-1.3385457913135375,0.7644800063071968,6.638998213787425,1.2554,187,9.35,2.5241,COLLISION,0.3,0.3054,0.095117,-0.096935,0.33,-0.266734,-1.321845,0.089881,57.22,29.41,13.37,4.81,34,0,6.639,-1.3385457913135375,0.7644800063071968,-3.5119504928588867,7.0376458168029785,0.3054,0.099122,-0.516186,FORWARD,FRONT_COLLISION,
