scenario_id,category,start_x,start_y,goal_x,goal_y,straight_line_distance,direct_path_blocked,number_of_blocking_obstacles,first_obstacle_distance,shortest_collision_free_path,detour_ratio,same_room,start_room,goal_room,difficulty,success,collision,timeout
EASY / OPEN_1,EASY / OPEN,0.0,0.0,-1.6333567409713652,-2.507791082004232,2.9928030931313465,False,0,-1,3.3037999999999994,1.1039149243003685,True,LivingRoom,LivingRoom,UNKNOWN,True,False,False
EASY / OPEN_2,EASY / OPEN,0.0,0.0,-6.061530966088319,-0.8724050074828082,6.123989561546351,False,0,-1,6.472599999999997,1.0569253809057146,False,LivingRoom,Corridor,EASY,True,False,False
EASY / OPEN_3,EASY / OPEN,0.0,0.0,-5.101565983874287,-2.398497225679421,5.637265687318196,False,0,-1,6.193600000000001,1.0986886805660685,False,LivingRoom,Corridor,EASY,True,False,False
EASY / OPEN_4,EASY / OPEN,0.0,0.0,-6.1250287268259616,1.4785202049736978,6.300952221764479,False,0,-1,6.7795999999999985,1.07596435608291,False,LivingRoom,Corridor,EASY,True,False,False
EASY / OPEN_5,EASY / OPEN,0.0,0.0,5.32112856561002,1.5243186254056966,5.535156410031216,False,0,-1,6.003799999999997,1.084666729402528,False,LivingRoom,Corridor,EASY,True,False,False
EASY / OPEN_6,EASY / OPEN,0.0,0.0,6.440067023629744,0.6927901362352956,6.477223281754937,False,0,-1,6.648399999999995,1.0264274845561105,False,LivingRoom,Corridor,EASY,True,False,False
EASY / OPEN_7,EASY / OPEN,0.0,0.0,6.565094381516354,-0.07518089881763557,6.565524838561242,False,0,-1,6.541399999999993,0.9963255277903214,False,LivingRoom,Corridor,EASY,True,False,False
EASY / OPEN_8,EASY / OPEN,0.0,0.0,-3.6438873708519854,-2.4025749358452027,4.364662815591392,False,0,-1,4.734999999999999,1.0848489791893416,False,LivingRoom,Corridor,EASY,True,False,False
EASY / OPEN_9,EASY / OPEN,0.0,0.0,-3.61719902035609,-2.1683028008357095,4.217305512881067,False,0,-1,4.6108,1.0933047145664616,False,LivingRoom,Corridor,EASY,True,False,False
EASY / OPEN_10,EASY / OPEN,0.0,0.0,-6.478684657680814,1.7524346588457078,6.711511165690812,False,0,-1,7.203799999999998,1.0733499240567106,False,LivingRoom,Corridor,EASY,True,False,False
EASY / OPEN_11,EASY / OPEN,0.0,0.0,-0.8866978368582296,-5.246964884059488,5.32136012204046,False,0,-1,5.6726,1.0660056583099395,False,LivingRoom,Corridor,EASY,True,False,False
EASY / OPEN_12,EASY / OPEN,0.0,0.0,-3.3139932027935,-3.5913118126305363,4.886724003225591,False,0,-1,5.124799999999999,1.048718936575354,False,LivingRoom,BR3,EASY,False,True,False
EASY / OPEN_13,EASY / OPEN,0.0,0.0,-0.25857610801026387,-4.320314454727341,4.328045585637903,False,0,-1,4.524200000000001,1.04532170710332,False,LivingRoom,Corridor,EASY,True,False,False
EASY / OPEN_14,EASY / OPEN,0.0,0.0,1.6668060574584782,-4.36267447607089,4.670243143278591,False,0,-1,5.062400000000001,1.0839692591349985,False,LivingRoom,Corridor,EASY,False,True,False
EASY / OPEN_15,EASY / OPEN,0.0,0.0,3.8980863168599282,-3.7610914569763128,5.4167227990207145,False,0,-1,5.7247999999999974,1.0568752015582152,False,LivingRoom,Kitchen,EASY,True,False,False
EASY / OPEN_16,EASY / OPEN,0.0,0.0,2.0179006682291356,-4.8843883696291766,5.28480584810912,False,0,-1,5.728000000000001,1.0838619553165711,False,LivingRoom,Corridor,EASY,True,False,False
EASY / OPEN_17,EASY / OPEN,0.0,0.0,-0.8731148521334642,-1.8187575778611997,2.0174758169662352,False,0,-1,2.2725999999999997,1.1264571207685679,True,LivingRoom,LivingRoom,UNKNOWN,True,False,False
EASY / OPEN_18,EASY / OPEN,0.0,0.0,-1.3689915170721774,-4.97056733207271,5.155645194976473,False,0,-1,5.579600000000002,1.0822311832933382,False,LivingRoom,Corridor,EASY,True,False,False
EASY / OPEN_19,EASY / OPEN,0.0,0.0,-4.443486057665814,0.7807643214243254,4.5115586298173795,False,0,-1,4.789800000000002,1.0616730032817694,False,LivingRoom,Corridor,EASY,True,False,False
EASY / OPEN_20,EASY / OPEN,0.0,0.0,0.10922582088535249,-2.4984330495557128,2.5008194623083724,False,0,-1,2.5414000000000008,1.0162268961447423,True,LivingRoom,LivingRoom,EASY,True,False,False
EASY / OPEN_21,EASY / OPEN,0.0,0.0,5.947811130745423,-4.981053000942656,7.758050415227977,False,0,-1,7.969999999999998,1.0273199545540452,False,LivingRoom,Kitchen,EASY,False,True,False
EASY / OPEN_22,EASY / OPEN,0.0,0.0,-1.8276506157629617,-2.297265634887135,2.9355980941764024,False,0,-1,3.0866,1.0514382081536138,True,LivingRoom,LivingRoom,EASY,True,False,False
EASY / OPEN_23,EASY / OPEN,0.0,0.0,0.24383551673044013,-7.3650895894300445,7.3691248068919295,False,0,-1,7.48279999999999,1.0154258743184466,False,LivingRoom,Corridor,EASY,True,False,False
EASY / OPEN_24,EASY / OPEN,0.0,0.0,2.5516995070478727,-2.2869779587764234,3.426578257999886,False,0,-1,3.5693999999999995,1.0416805720595097,False,LivingRoom,Corridor,EASY,True,False,False
EASY / OPEN_25,EASY / OPEN,0.0,0.0,-0.34262622619907535,-4.9672703936651255,4.9790729955144775,False,0,-1,5.1655999999999995,1.0374621952025125,False,LivingRoom,Corridor,EASY,True,False,False
EASY / OPEN_26,EASY / OPEN,0.0,0.0,-1.1125218476017118,-5.054556050922266,5.175542651095247,False,0,-1,5.596800000000002,1.0813938512931796,False,LivingRoom,Corridor,EASY,True,False,False
EASY / OPEN_27,EASY / OPEN,0.0,0.0,3.4874671086325195,0.26093277771832846,3.497214998864306,False,0,-1,3.4828000000000015,0.995878149078914,False,LivingRoom,Corridor,EASY,True,False,False
EASY / OPEN_28,EASY / OPEN,0.0,0.0,7.199972405991355,0.05213673198170454,7.200161170825183,False,0,-1,7.099999999999991,0.9860890376689008,False,LivingRoom,Corridor,EASY,True,False,False
EASY / OPEN_29,EASY / OPEN,0.0,0.0,3.863542604377415,1.7492778515857648,4.241100618694153,False,0,-1,4.5038,1.0619413225302663,False,LivingRoom,Corridor,EASY,False,True,False
EASY / OPEN_30,EASY / OPEN,0.0,0.0,0.5593005510660798,-4.835818402639044,4.868054717207404,False,0,-1,5.107,1.0490843461450798,False,LivingRoom,Corridor,EASY,True,False,False
WALL-BLOCKED_1,WALL-BLOCKED,0.0,0.0,-6.843307781968206,-4.2041193936431025,8.03153044411541,True,1,5.540146724460972,8.914599999999995,1.1099503465782912,False,LivingRoom,BR3,MODERATE,False,True,False
WALL-BLOCKED_2,WALL-BLOCKED,0.0,0.0,-4.183704952909286,5.124614174828855,6.615516425333287,True,1,1.4200226240660638,7.8349999999999955,1.18433686748881,False,LivingRoom,BR1,MODERATE,False,True,False
WALL-BLOCKED_3,WALL-BLOCKED,0.0,0.0,4.765451917612295,-5.234904581123911,7.0791071437397255,True,2,1.7579765102205231,7.597399999999995,1.073214438733084,False,LivingRoom,Kitchen,HARD,False,True,False
WALL-BLOCKED_4,WALL-BLOCKED,0.0,0.0,-3.182051187042024,5.133219002630996,6.039485664022021,True,2,1.2942043242299184,7.420999999999992,1.228747018013111,False,LivingRoom,BR1,HARD,True,False,False
WALL-BLOCKED_5,WALL-BLOCKED,0.0,0.0,-4.650183770987252,-4.297002200832351,6.3315430203001295,True,1,4.357018703512214,6.714599999999996,1.0604997831447585,False,LivingRoom,BR3,MODERATE,False,True,False
WALL-BLOCKED_6,WALL-BLOCKED,0.0,0.0,-0.33435175376905213,4.081606884459666,4.095278483145802,True,1,1.1036845191074154,6.900600000000001,1.6850136146783554,False,LivingRoom,Corridor,HARD,True,False,False
WALL-BLOCKED_7,WALL-BLOCKED,0.0,0.0,-0.6614890066420148,3.7918369289314136,3.849103142488683,True,1,1.1166127489376894,6.476400000000001,1.6825737737473587,False,LivingRoom,Corridor,HARD,False,True,False
WALL-BLOCKED_8,WALL-BLOCKED,0.0,0.0,4.632606656316673,-5.2199951418324515,6.979211539486673,True,2,1.7381194339862271,7.555999999999995,1.0826437853688764,False,LivingRoom,Kitchen,HARD,True,False,False
WALL-BLOCKED_9,WALL-BLOCKED,0.0,0.0,-3.5854634687260587,-5.816425487849758,6.8327413050164125,True,1,3.620789499814331,7.390399999999993,1.0816156605510827,False,LivingRoom,BR3,MODERATE,False,True,False
WALL-BLOCKED_10,WALL-BLOCKED,0.0,0.0,0.07875937538106448,3.187494175255357,3.188467054322068,True,1,1.1003357392718363,6.127999999999998,1.9219267113622205,False,LivingRoom,Corridor,VERY_HARD,True,False,False
WALL-BLOCKED_11,WALL-BLOCKED,0.0,0.0,-6.5020254078192155,-0.12086965125113203,6.503148766291619,True,1,4.767326169487526,7.179599999999997,1.1040190310907065,False,LivingRoom,Corridor,MODERATE,True,False,False
WALL-BLOCKED_12,WALL-BLOCKED,0.0,0.0,4.53491869005683,-4.891089110974547,6.669950540815167,True,1,4.2653149682208715,7.114599999999996,1.066664581163519,False,LivingRoom,Kitchen,MODERATE,False,False,True
WALL-BLOCKED_13,WALL-BLOCKED,0.0,0.0,-6.7766819364003545,-0.3112733131055101,6.7838270277614345,True,1,4.896139598414675,7.462399999999997,1.1000280475108875,False,LivingRoom,Corridor,MODERATE,True,False,False
WALL-BLOCKED_14,WALL-BLOCKED,0.0,0.0,4.11230706504005,5.738014493742035,7.059453217322995,True,2,1.1072659196870147,8.217799999999997,1.164084490259751,False,LivingRoom,BR2,HARD,True,False,False
WALL-BLOCKED_15,WALL-BLOCKED,0.0,0.0,-3.0796674667220536,-6.466043793352915,7.1619881348089365,True,1,4.41858661793147,7.78339999999999,1.0867652743196887,False,LivingRoom,BR3,MODERATE,False,True,False
WALL-BLOCKED_16,WALL-BLOCKED,0.0,0.0,0.5054597641440939,2.89025744496427,2.9341229816318184,True,1,1.1166947378401788,5.503799999999999,1.8757904949638646,True,LivingRoom,LivingRoom,VERY_HARD,True,False,False
WALL-BLOCKED_17,WALL-BLOCKED,0.0,0.0,-2.9485456765238967,-5.066829135277144,5.86231004746773,True,1,3.777587431957293,6.341999999999994,1.081826097331626,False,LivingRoom,BR3,MODERATE,False,True,False
WALL-BLOCKED_18,WALL-BLOCKED,0.0,0.0,5.3017638568815295,-5.324979881935137,7.514260491701712,True,1,4.233402186472284,7.945799999999997,1.057429404899504,False,LivingRoom,Kitchen,MODERATE,False,True,False
WALL-BLOCKED_19,WALL-BLOCKED,0.0,0.0,1.9680748209194632,-2.162170271946451,2.9237473874509345,True,1,1.7578965232301322,3.221,1.101668363629809,True,LivingRoom,LivingRoom,MODERATE,True,False,False
WALL-BLOCKED_20,WALL-BLOCKED,0.0,0.0,-0.14157762694870846,6.312630714739989,6.314218143612964,True,1,1.1002766155409969,8.942,1.4161690009150418,False,LivingRoom,Corridor,HARD,False,False,True
WALL-BLOCKED_21,WALL-BLOCKED,0.0,0.0,-3.3561843996468688,6.093135224778696,6.956311565181073,True,2,1.2558301169127755,8.403799999999991,1.2080827492063664,False,LivingRoom,BR1,HARD,False,True,False
WALL-BLOCKED_22,WALL-BLOCKED,0.0,0.0,0.9957225121056312,5.557485030956496,5.64598115391997,True,1,1.1175161488906553,7.686599999999994,1.3614285613871089,False,LivingRoom,Corridor,HARD,False,True,False
WALL-BLOCKED_23,WALL-BLOCKED,0.0,0.0,-2.6872048272224953,2.0185718711605154,3.3609079401983544,True,1,1.8314922480777043,4.114000000000002,1.2240739922668638,False,LivingRoom,Corridor,MODERATE,True,False,False
WALL-BLOCKED_24,WALL-BLOCKED,0.0,0.0,3.2895365455585566,4.634521467101729,5.683294811426914,True,2,1.1036663367713229,6.745199999999997,1.186846754181747,False,LivingRoom,BR2,HARD,False,True,False
WALL-BLOCKED_25,WALL-BLOCKED,0.0,0.0,-0.8846873637973229,3.7906748285575165,3.892542535094795,True,1,1.1295605617097069,6.3936,1.6425254039887576,False,LivingRoom,Corridor,HARD,True,False,False
WALL-BLOCKED_26,WALL-BLOCKED,0.0,0.0,-4.9003867162448165,-4.260145675091901,6.493275840571759,True,1,4.420153997962026,7.014599999999995,1.0802867723824177,False,LivingRoom,BR3,MODERATE,False,True,False
WALL-BLOCKED_27,WALL-BLOCKED,0.0,0.0,6.626965398229068,1.8367548070561757,6.876797118613382,True,1,4.528331568765868,7.345199999999998,1.0681135233899504,False,LivingRoom,Corridor,MODERATE,True,False,False
WALL-BLOCKED_28,WALL-BLOCKED,0.0,0.0,0.7736936197569821,3.828990444063361,3.906375511645187,True,1,1.1222313363231262,6.069400000000001,1.5537164775651193,False,LivingRoom,Corridor,HARD,False,True,False
WALL-BLOCKED_29,WALL-BLOCKED,0.0,0.0,3.0376944914471924,5.909089570952589,6.6441649122300745,True,3,1.2368371329789953,7.962399999999992,1.1984049320244008,False,LivingRoom,BR2,VERY_HARD,False,False,True
WALL-BLOCKED_30,WALL-BLOCKED,0.0,0.0,-3.471266454794273,1.923994550170477,3.968809119782116,True,1,2.0581243514512284,4.3452,1.0948372342579549,False,LivingRoom,Corridor,MODERATE,True,False,False
COMPLEX OBSTACLE_1,COMPLEX OBSTACLE,0.0,0.0,-0.9623459351011521,7.406952502191314,7.4692071244894445,True,1,1.109245379190387,10.373200000000008,1.3887953335755252,False,LivingRoom,Corridor,HARD,False,True,False
COMPLEX OBSTACLE_2,COMPLEX OBSTACLE,0.0,0.0,-6.3535667989862405,-3.5547970703840237,7.280411614791508,True,1,5.939352729525718,8.124799999999988,1.1159808579356898,False,LivingRoom,BR3,MODERATE,True,False,False
COMPLEX OBSTACLE_3,COMPLEX OBSTACLE,0.0,0.0,3.576566605717329,-3.6953463900821304,5.142704894102462,True,1,4.175011772567412,5.500599999999997,1.0695927752548977,False,LivingRoom,Kitchen,MODERATE,False,True,False
COMPLEX OBSTACLE_4,COMPLEX OBSTACLE,0.0,0.0,-6.232522310948365,-3.591590335149813,7.193320199463575,True,1,5.808187079213261,8.024799999999988,1.1155905447665764,False,LivingRoom,BR3,MODERATE,False,True,False
COMPLEX OBSTACLE_5,COMPLEX OBSTACLE,0.0,0.0,-5.041720702763757,-4.56717853568528,6.802798499257568,True,1,4.319541155158028,7.238799999999996,1.0640914912870065,False,LivingRoom,BR3,MODERATE,False,True,False
COMPLEX OBSTACLE_6,COMPLEX OBSTACLE,0.0,0.0,3.5665652871567026,-5.51955465287776,6.571595811799118,True,2,1.5477833072790943,7.40059999999999,1.1261496007883531,False,LivingRoom,Kitchen,HARD,False,True,False
COMPLEX OBSTACLE_7,COMPLEX OBSTACLE,0.0,0.0,3.091150979631326,2.4420185230041898,3.939374169277561,True,2,1.4518467894290095,4.462400000000001,1.1327687618001407,False,LivingRoom,Corridor,HARD,True,False,False
COMPLEX OBSTACLE_8,COMPLEX OBSTACLE,0.0,0.0,1.4147243533841647,3.5808992403131095,3.8502317287837684,True,1,1.1827350107990808,5.4796,1.423187066647265,False,LivingRoom,Corridor,HARD,False,False,True
COMPLEX OBSTACLE_9,COMPLEX OBSTACLE,0.0,0.0,-6.506734663580714,3.669120033180524,7.469942288942363,True,2,2.0673291497130637,9.320999999999987,1.2478008048064462,False,LivingRoom,BR1,HARD,False,False,True
COMPLEX OBSTACLE_10,COMPLEX OBSTACLE,0.0,0.0,2.728264454466588,3.236258165500096,4.232823389567762,True,2,1.1771437431112053,5.1382,1.213894256175118,False,LivingRoom,BR2,HARD,True,False,False
COMPLEX OBSTACLE_11,COMPLEX OBSTACLE,0.0,0.0,7.146956021369387,3.6235721326376584,8.013067787796155,True,2,1.9902352554430807,9.645199999999988,1.2036838144174393,False,LivingRoom,BR2,HARD,False,True,False
COMPLEX OBSTACLE_12,COMPLEX OBSTACLE,0.0,0.0,5.238847048917428,-7.333404422233422,9.012454650203992,True,2,1.5976469277685041,9.9044,1.098968081883865,False,LivingRoom,Kitchen,HARD,True,False,False
COMPLEX OBSTACLE_13,COMPLEX OBSTACLE,0.0,0.0,5.999441332265771,-3.669647888594298,7.0327527985536,True,1,5.557749335895542,7.431799999999994,1.0567412523768025,False,LivingRoom,Kitchen,MODERATE,False,True,False
COMPLEX OBSTACLE_14,COMPLEX OBSTACLE,0.0,0.0,5.3911896621574265,3.587411015110158,6.475680949883711,True,2,1.6246013713921699,7.803799999999993,1.2050933423673587,False,LivingRoom,BR2,HARD,False,True,False
COMPLEX OBSTACLE_15,COMPLEX OBSTACLE,0.0,0.0,-5.526407958400117,4.509370134755045,7.132713644531714,True,2,1.7399292527605057,8.693599999999996,1.2188348549033556,False,LivingRoom,BR1,HARD,False,True,False
COMPLEX OBSTACLE_16,COMPLEX OBSTACLE,0.0,0.0,-2.567794072605807,5.854213676106314,6.392603864218376,True,2,1.2011628955978193,7.872599999999988,1.23151694790063,False,LivingRoom,BR1,HARD,True,False,False
COMPLEX OBSTACLE_17,COMPLEX OBSTACLE,0.0,0.0,-0.45359659757920723,7.352542731493012,7.366521193329056,True,1,1.1020912912146419,10.066200000000006,1.366479473257433,False,LivingRoom,Corridor,HARD,False,True,False
COMPLEX OBSTACLE_18,COMPLEX OBSTACLE,0.0,0.0,1.361845156551953,6.310860472202455,6.456127487126583,True,1,1.1253204324704036,8.320999999999993,1.2888531114963167,False,LivingRoom,Corridor,MODERATE,True,False,False
COMPLEX OBSTACLE_19,COMPLEX OBSTACLE,0.0,0.0,-3.682164459842249,7.315936894917762,8.190315485971484,True,2,1.231468664092394,9.827999999999998,1.1999537767297936,False,LivingRoom,BR1,HARD,False,True,False
COMPLEX OBSTACLE_20,COMPLEX OBSTACLE,0.0,0.0,4.137670198972129,-7.415767348282147,8.491991523742218,True,2,1.6418885247745032,9.548999999999992,1.1244712118826958,False,LivingRoom,Kitchen,HARD,False,True,False
COMPLEX OBSTACLE_21,COMPLEX OBSTACLE,0.0,0.0,-2.5661245147854213,4.341007291265113,5.042751166595432,True,2,1.277820079781158,6.372599999999993,1.2637149423937166,False,LivingRoom,BR1,HARD,False,True,False
COMPLEX OBSTACLE_22,COMPLEX OBSTACLE,0.0,0.0,-2.628436496460127,-7.043221181568074,7.517688675943742,True,1,5.434260444766195,8.217799999999988,1.0931285338134007,False,LivingRoom,BR3,MODERATE,True,False,False
COMPLEX OBSTACLE_23,COMPLEX OBSTACLE,0.0,0.0,3.656288727772078,-6.058632929143245,7.076403057410737,True,2,1.5483247816093935,7.941999999999989,1.1223215997685094,False,LivingRoom,Kitchen,HARD,False,True,False
COMPLEX OBSTACLE_24,COMPLEX OBSTACLE,0.0,0.0,-1.3473199313819584,3.4781652456350436,3.7300005996571324,True,1,1.1796451203035696,5.8866,1.5781766899825982,False,LivingRoom,Corridor,HARD,False,False,True
COMPLEX OBSTACLE_25,COMPLEX OBSTACLE,0.0,0.0,5.395974966046495,-7.409151292832289,9.165809768606309,True,2,1.6082209997136199,10.045800000000002,1.096007909132888,False,LivingRoom,Kitchen,HARD,False,True,False
COMPLEX OBSTACLE_26,COMPLEX OBSTACLE,0.0,0.0,1.3323902055527626,5.557416757522488,5.714905482739386,True,1,1.1311723243544936,7.520999999999993,1.3160322638258004,False,LivingRoom,Corridor,HARD,True,False,False
COMPLEX OBSTACLE_27,COMPLEX OBSTACLE,0.0,0.0,4.544839269639581,5.764167142868482,7.340380564915054,True,2,1.1461052992880365,8.3834,1.1420933732060548,False,LivingRoom,BR2,HARD,False,False,True
COMPLEX OBSTACLE_28,COMPLEX OBSTACLE,0.0,0.0,4.9727176142196114,-3.650520673493856,6.168810392480549,True,1,5.210230231922048,6.431799999999997,1.0426321431179046,False,LivingRoom,Kitchen,MODERATE,False,True,False
COMPLEX OBSTACLE_29,COMPLEX OBSTACLE,0.0,0.0,-3.904792607295766,3.6548043176481415,5.348364227153118,True,2,1.6097170022099176,6.720999999999995,1.2566459041585352,False,LivingRoom,BR1,HARD,False,True,False
COMPLEX OBSTACLE_30,COMPLEX OBSTACLE,0.0,0.0,-3.1311327610845274,2.414063893215296,3.9536940761852843,True,1,1.8015527658678858,4.721000000000001,1.1940731652548724,False,LivingRoom,Corridor,MODERATE,False,False,True
TOP_LEFT_1,TOP_LEFT,0.0,0.0,-3.4674544511877015,7.3070008234290205,8.087985002746592,True,2,1.217569796146017,9.745199999999995,1.2048983766278785,False,LivingRoom,BR1,HARD,True,False,False
TOP_LEFT_2,TOP_LEFT,0.0,0.0,-3.347915755637752,3.593674308214975,4.91152063422031,True,1,1.5033840671905294,6.079599999999997,1.2378243832757745,False,LivingRoom,BR1,MODERATE,False,True,False
TOP_LEFT_3,TOP_LEFT,0.0,0.0,-3.212489619563937,4.274681602745275,5.347241565578926,True,1,1.3760008975544091,6.562399999999996,1.2272495864490665,False,LivingRoom,BR1,MODERATE,True,False,False
TOP_LEFT_4,TOP_LEFT,0.0,0.0,-4.243625741358973,6.374362191714738,7.657731569067097,True,2,1.3214662851951684,9.076399999999998,1.185259618744475,False,LivingRoom,BR1,HARD,False,True,False
TOP_LEFT_5,TOP_LEFT,0.0,0.0,-3.2592918167848968,5.319099529197119,6.2382531968866095,True,2,1.2900827440638347,7.662399999999992,1.228292561742147,False,LivingRoom,BR1,HARD,True,False,False
TOP_LEFT_6,TOP_LEFT,0.0,0.0,-3.1852439163418995,3.7915713855113102,4.9519483416147665,True,1,1.4366452908130258,6.020999999999997,1.215885058695226,False,LivingRoom,BR1,MODERATE,False,True,False
TOP_LEFT_7,TOP_LEFT,0.0,0.0,-3.2077693983350137,7.290228389898496,7.964748237689411,True,2,1.2017762123334985,9.562399999999993,1.200590365775838,False,LivingRoom,BR1,HARD,False,False,True
TOP_LEFT_8,TOP_LEFT,0.0,0.0,-3.5397631123979805,3.7830874212271066,5.1808950316079745,True,1,1.506437441226302,6.3623999999999965,1.2280503583229947,False,LivingRoom,BR1,MODERATE,False,False,True
TOP_LEFT_9,TOP_LEFT,0.0,0.0,-2.609342744346786,2.2110013207681036,3.420116430461617,True,1,1.7015494464746919,4.314000000000001,1.2613605670195664,False,LivingRoom,Corridor,MODERATE,True,False,False
TOP_LEFT_10,TOP_LEFT,0.0,0.0,-2.727081664630305,5.286971596043489,5.948869057470792,True,2,1.2377134706218016,7.355399999999991,1.236436695603987,False,LivingRoom,BR1,HARD,False,False,True
TOP_RIGHT_1,TOP_RIGHT,0.0,0.0,3.6912744829162536,4.287105414690626,5.65727674282409,True,2,1.1876426110481133,6.5108,1.150871752607569,False,LivingRoom,BR2,HARD,False,True,False
TOP_RIGHT_2,TOP_RIGHT,0.0,0.0,4.019163579343639,3.7220299747414134,5.477881251943669,True,3,1.3245710432764093,6.586599999999998,1.2023991936048144,False,LivingRoom,BR2,VERY_HARD,True,False,False
TOP_RIGHT_3,TOP_RIGHT,0.0,0.0,7.401668920722464,2.010361701250132,7.669827702226574,True,1,4.476675419072477,8.227999999999998,1.0727750765002693,False,LivingRoom,Corridor,MODERATE,True,False,False
TOP_RIGHT_4,TOP_RIGHT,0.0,0.0,2.8481993415482822,4.300987101573354,5.1585588624243135,True,3,1.0866989793530644,6.279599999999997,1.217316728852608,False,LivingRoom,BR2,VERY_HARD,False,False,True
TOP_RIGHT_5,TOP_RIGHT,0.0,0.0,6.871268300097837,4.4859268626189195,8.205965383103651,True,2,1.6463417864288692,9.6764,1.1791909358920794,False,LivingRoom,BR2,HARD,True,False,False
TOP_RIGHT_6,TOP_RIGHT,0.0,0.0,4.63633519453629,4.4993301066892775,6.460617265018599,True,2,1.2923158338331477,7.476399999999998,1.1572268861183614,False,LivingRoom,BR2,HARD,False,False,True
TOP_RIGHT_7,TOP_RIGHT,0.0,0.0,4.4171456308553845,3.811738679488387,5.834426045884264,True,3,1.3775822223995233,7.027999999999997,1.2045743565397846,False,LivingRoom,BR2,VERY_HARD,False,True,False
TOP_RIGHT_8,TOP_RIGHT,0.0,0.0,5.392021074287567,4.550431197880696,7.055516660897854,True,3,1.3954644557125664,8.217799999999997,1.1647339798010252,False,LivingRoom,BR2,VERY_HARD,False,False,True
TOP_RIGHT_9,TOP_RIGHT,0.0,0.0,3.4219086591650214,6.03614256867371,6.938622052037667,True,3,1.2166231322604777,8.227999999999994,1.1858262257682237,False,LivingRoom,BR2,VERY_HARD,True,False,False
TOP_RIGHT_10,TOP_RIGHT,0.0,0.0,3.6844781494711984,5.6740278788416125,6.765350811584168,True,3,1.10170567507181,7.910799999999995,1.1693111296541339,False,LivingRoom,BR2,VERY_HARD,False,False,True
BOTTOM_LEFT_1,BOTTOM_LEFT,0.0,0.0,-4.025223025816641,-2.077665789399627,4.529803035453755,False,0,-1,4.9694,1.0970454920678931,False,LivingRoom,Corridor,EASY,True,False,False
BOTTOM_LEFT_2,BOTTOM_LEFT,0.0,0.0,-7.1291491239531615,-4.564774115751276,8.465336966677404,True,1,5.378026728344276,9.338799999999997,1.1031811299137715,False,LivingRoom,BR3,MODERATE,False,True,False
BOTTOM_LEFT_3,BOTTOM_LEFT,0.0,0.0,-5.627355414584502,-2.102771177254675,6.007393410285906,False,0,-1,6.610800000000001,1.1004439943421946,False,LivingRoom,Corridor,UNKNOWN,True,False,False
BOTTOM_LEFT_4,BOTTOM_LEFT,0.0,0.0,-3.082826694942549,-7.339031974973978,7.960226803348059,True,1,4.906026975558925,8.68339999999999,1.0908483155715822,False,LivingRoom,BR3,MODERATE,False,False,True
BOTTOM_LEFT_5,BOTTOM_LEFT,0.0,0.0,-4.399412140027271,-6.215597348776632,7.615016584350847,False,0,-1,8.121599999999995,1.0665242695190182,False,LivingRoom,BR3,EASY,True,False,False
BOTTOM_LEFT_6,BOTTOM_LEFT,0.0,0.0,-4.8440885386887,-3.8327187392091884,6.176967435930069,True,1,4.673759485908237,6.748999999999994,1.0926073465666237,False,LivingRoom,BR3,MODERATE,False,True,False
BOTTOM_LEFT_7,BOTTOM_LEFT,0.0,0.0,-3.300201402825428,-5.702350554003324,6.588484737779464,True,1,3.7931385008998975,7.207599999999993,1.0939692944373718,False,LivingRoom,BR3,MODERATE,True,False,False
BOTTOM_LEFT_8,BOTTOM_LEFT,0.0,0.0,-5.589704283250791,-4.630286614051906,7.258398452996398,True,1,4.546015672077268,7.7801999999999945,1.0718893500243414,False,LivingRoom,BR3,MODERATE,False,True,False
BOTTOM_LEFT_9,BOTTOM_LEFT,0.0,0.0,-7.05375172694056,-4.621391889368414,8.432833238030804,True,1,5.2917426125555265,9.280199999999997,1.1004842308688967,False,LivingRoom,BR3,MODERATE,False,True,False
BOTTOM_LEFT_10,BOTTOM_LEFT,0.0,0.0,-4.340864273329404,-2.4329408376824877,4.976173606208969,False,0,-1,5.4350000000000005,1.0922046596643122,False,LivingRoom,Corridor,EASY,False,True,False
BOTTOM_RIGHT_1,BOTTOM_RIGHT,0.0,0.0,2.5219241607969325,-2.1503566551497038,3.3142322213686133,False,0,-1,3.4693999999999994,1.0468186198996368,False,LivingRoom,Corridor,EASY,False,False,True
BOTTOM_RIGHT_2,BOTTOM_RIGHT,0.0,0.0,4.464926102360633,-5.894406020362995,7.394564722310085,True,2,1.630857139089838,8.073199999999993,1.0917748783295387,False,LivingRoom,Kitchen,HARD,False,False,True
BOTTOM_RIGHT_3,BOTTOM_RIGHT,0.0,0.0,4.928723099813259,-2.206180961717618,5.399957947102745,False,0,-1,5.852200000000001,1.0837491805172108,False,LivingRoom,Corridor,EASY,True,False,False
BOTTOM_RIGHT_4,BOTTOM_RIGHT,0.0,0.0,5.274704632084559,-4.553388716014129,6.968203337651614,False,0,-1,7.104399999999999,1.019545448912558,False,LivingRoom,Kitchen,EASY,True,False,False
BOTTOM_RIGHT_5,BOTTOM_RIGHT,0.0,0.0,5.275274061372428,-4.378079385281263,6.855369831483456,False,0,-1,7.0215999999999985,1.024248169333349,False,LivingRoom,Kitchen,EASY,False,False,True
BOTTOM_RIGHT_6,BOTTOM_RIGHT,0.0,0.0,6.923015149873786,-2.0191817275556314,7.211465427655915,False,0,-1,7.769399999999998,1.0773677108960973,False,LivingRoom,Corridor,EASY,True,False,False
BOTTOM_RIGHT_7,BOTTOM_RIGHT,0.0,0.0,4.305383768371433,-3.589271949703938,5.605283447060256,False,0,-1,5.790399999999999,1.033025368777172,False,LivingRoom,Kitchen,EASY,False,False,True
BOTTOM_RIGHT_8,BOTTOM_RIGHT,0.0,0.0,3.962614934848784,-3.6720200763585544,5.40241136559101,False,0,-1,5.666199999999998,1.0488279430346805,False,LivingRoom,Kitchen,EASY,True,False,False
BOTTOM_RIGHT_9,BOTTOM_RIGHT,0.0,0.0,4.34981041794221,-4.399690970632814,6.186932301965692,True,1,4.218659226247304,6.531799999999997,1.0557413078408397,False,LivingRoom,Kitchen,MODERATE,False,True,False
BOTTOM_RIGHT_10,BOTTOM_RIGHT,0.0,0.0,2.2835008858609758,-2.436738431819063,3.3394715870676137,False,0,-1,3.6452,1.09154993685718,False,LivingRoom,Corridor,EASY,True,False,False
RANDOM_1,RANDOM,0.0,0.0,5.569474317017659,-1.6264310776215378,5.8020963640888,False,0,-1,6.203800000000002,1.0692342234088847,False,LivingRoom,Corridor,EASY,True,False,False
RANDOM_2,RANDOM,0.0,0.0,2.6432071414786185,2.2511357801352974,3.4719096032830294,True,2,1.3880631592852763,4.096800000000001,1.1799846390372828,False,LivingRoom,Corridor,HARD,True,False,False
RANDOM_3,RANDOM,0.0,0.0,3.6137999472154685,-5.619209961892431,6.680948334954078,True,2,1.545632374362338,7.54199999999999,1.1288816530044055,False,LivingRoom,Kitchen,HARD,False,True,False
RANDOM_4,RANDOM,0.0,0.0,-3.895190356747645,2.406475123752774,4.578605730628133,False,0,-1,5.010800000000001,1.0943942970412908,False,LivingRoom,Corridor,EASY,True,False,False
RANDOM_5,RANDOM,0.0,0.0,-0.9224593587525359,-5.016722853963796,5.10082733113294,False,0,-1,5.514000000000001,1.0810011086525626,False,LivingRoom,Corridor,EASY,False,False,True
RANDOM_6,RANDOM,0.0,0.0,-4.96267340480819,-1.0451967592836808,5.071544497330929,False,0,-1,5.455400000000002,1.0756880873018249,False,LivingRoom,Corridor,EASY,True,False,False
RANDOM_7,RANDOM,0.0,0.0,5.930581376831794,1.3267198098342414,6.077168824463469,True,1,4.35988124888228,6.438199999999999,1.059407791023216,False,LivingRoom,Corridor,MODERATE,True,False,False
RANDOM_8,RANDOM,0.0,0.0,0.07367378360559118,-1.5472936262997372,1.5490466075552904,False,0,-1,1.6000000000000003,1.032893388872995,True,LivingRoom,LivingRoom,EASY,True,False,False
RANDOM_9,RANDOM,0.0,0.0,-2.6090550240975325,1.95174275694376,3.2582921765935917,True,1,1.8363697682502678,4.014000000000001,1.231933719399121,False,LivingRoom,Corridor,MODERATE,True,False,False
RANDOM_10,RANDOM,0.0,0.0,-6.375732129013365,-1.7765293205441568,6.618611380621042,False,0,-1,7.145199999999999,1.079561797648489,False,LivingRoom,Corridor,EASY,False,True,False
RANDOM_11,RANDOM,0.0,0.0,-3.7428096740871193,6.914738245315844,7.862711317203104,True,2,1.2508040278722592,9.469399999999997,1.204342830097496,False,LivingRoom,BR1,HARD,True,False,False
RANDOM_12,RANDOM,0.0,0.0,-1.2027512604839197,-4.116773158291309,4.288873025798672,False,0,-1,4.738200000000001,1.1047657441706742,False,LivingRoom,Corridor,UNKNOWN,False,False,True
RANDOM_13,RANDOM,0.0,0.0,-4.717219036555694,1.334917841954043,4.902464796774238,False,0,-1,5.338200000000001,1.0888808428593861,False,LivingRoom,Corridor,EASY,True,False,False
RANDOM_14,RANDOM,0.0,0.0,-0.839856943279701,-4.505824335776947,4.583428043512289,False,0,-1,4.972600000000002,1.0849084904995017,False,LivingRoom,Corridor,EASY,False,False,True
RANDOM_15,RANDOM,0.0,0.0,5.699119930955192,0.9006768904203338,5.769851544740813,False,0,-1,5.972599999999999,1.035139284552995,False,LivingRoom,Corridor,EASY,True,False,False
RANDOM_16,RANDOM,0.0,0.0,-1.4170623620350364,-2.272931952560711,2.6784856540343394,False,0,-1,2.921,1.0905415885279748,True,LivingRoom,LivingRoom,EASY,True,False,False
RANDOM_17,RANDOM,0.0,0.0,-0.3437320230074409,-1.6287705478189918,1.664645668328058,False,0,-1,1.8656,1.1207189827212762,True,LivingRoom,LivingRoom,UNKNOWN,True,False,False
RANDOM_18,RANDOM,0.0,0.0,7.308793436124796,4.501565740651781,8.58385435625225,True,2,1.7161737416964735,10.217799999999999,1.190351044639711,False,LivingRoom,BR2,HARD,False,True,False
RANDOM_19,RANDOM,0.0,0.0,5.957671753869606,-3.576585868161244,6.948799838762552,True,1,5.634289312553674,7.390399999999993,1.0635505657788644,False,LivingRoom,Kitchen,MODERATE,True,False,False
RANDOM_20,RANDOM,0.0,0.0,6.962781360424823,-1.7212904818562875,7.172389085653984,False,0,-1,7.645199999999997,1.0659209795647753,False,LivingRoom,Corridor,EASY,True,False,False
