episode_id,scenario_class,strict_success,failure_reason,final_distance,path_length,steps,min_clearance,wall_bypass_attempted
0,wall_blocked,1,NONE,0.24842495340790163,12.848540257209741,480,0.30004844069480896,0
1,wall_blocked,0,LOW_PROGRESS_STRICT,0.39147220703476204,16.125786683710388,600,0.3000032603740692,1
2,wall_blocked,1,NONE,0.23819272630923133,16.008425936799846,522,0.41973158717155457,0
3,wall_blocked,0,WALL_BLOCKED_FAILURE,6.375793960077108,6.360229094349827,600,0.30013298988342285,1
4,wall_blocked,1,NONE,0.24835802969288384,11.819070623346962,422,0.3002367615699768,0
5,wall_blocked,1,NONE,0.2443926364653548,19.939626395011473,441,0.300017386674881,0
6,wall_blocked,1,NONE,0.2450822538051332,18.70277496987765,467,0.3000235855579376,0
7,wall_blocked,1,NONE,0.23280424170292105,14.312740166003856,374,0.30013740062713623,0
8,wall_blocked,0,WALL_BLOCKED_FAILURE,7.106700348109368,18.14642660896817,87,0.3000010550022125,1
9,wall_blocked,1,NONE,0.22881950887286379,12.333656512701761,455,0.3000166118144989,0
10,wall_blocked,1,NONE,0.24964351755514125,14.93910397395418,442,0.30022063851356506,0
11,wall_blocked,0,WALL_BLOCKED_FAILURE,0.5103175375926708,40.17630163876492,600,0.30000001192092896,1
12,wall_blocked,1,NONE,0.23847126672043384,19.63122725403481,361,0.32142093777656555,0
13,wall_blocked,0,WALL_BLOCKED_FAILURE,0.629479724044396,9.890647494204146,600,0.3000011146068573,1
14,wall_blocked,0,WALL_BLOCKED_FAILURE,8.579632850391569,12.372422988168312,174,0.3000016212463379,1
15,wall_blocked,1,NONE,0.23218835455468592,9.888999797066768,350,0.3850845992565155,0
16,wall_blocked,0,WALL_BLOCKED_FAILURE,0.47336288149172007,10.85735524576343,424,0.3000289499759674,1
17,wall_blocked,1,NONE,0.24328765379382167,8.808227000726028,345,0.4073314964771271,0
18,wall_blocked,0,WALL_BLOCKED_FAILURE,5.557010698755903,4.391413279117776,129,0.30009615421295166,1
19,wall_blocked,0,WALL_BLOCKED_FAILURE,0.8039811611615563,11.479221707608243,600,0.3000081479549408,1
20,wall_blocked,0,WALL_BLOCKED_FAILURE,8.434920483013633,4.863541356974458,144,0.30001187324523926,1
21,wall_blocked,0,WALL_BLOCKED_FAILURE,1.2216976465076255,13.338419767195466,516,0.30002546310424805,1
22,wall_blocked,1,NONE,0.2469397389826817,13.866490238079821,448,0.40457987785339355,0
23,wall_blocked,0,WALL_BLOCKED_FAILURE,6.352890440090753,2.7738085360388385,174,0.3001025319099426,1
24,wall_blocked,1,NONE,0.24227109933569094,10.596680440104588,436,0.33816713094711304,0
25,wall_blocked,1,NONE,0.24261465014735178,16.55309586443956,401,0.3133481442928314,0
26,wall_blocked,1,NONE,0.23421518010640546,27.73376276085828,518,0.30006444454193115,0
27,wall_blocked,1,NONE,0.24567838178604443,9.119317379681227,358,0.37032169103622437,0
28,wall_blocked,0,WALL_BLOCKED_FAILURE,5.847097927351442,3.1300206296345396,143,0.300238698720932,1
29,wall_blocked,1,NONE,0.23240535883111943,10.000601504236984,395,0.3000161647796631,0
30,wall_blocked,1,NONE,0.24376859305685578,18.47231974403472,430,0.30012959241867065,0
31,wall_blocked,1,NONE,0.2213621517450103,18.035598855128434,472,0.3000180721282959,0
32,wall_blocked,1,NONE,0.24197249276949107,12.001689417799843,357,0.3382735550403595,0
33,wall_blocked,0,WALL_BLOCKED_FAILURE,0.5605431607450536,9.222000883766315,600,0.300039678812027,1
34,wall_blocked,0,WALL_BLOCKED_FAILURE,8.024839947958009,25.6157439038639,172,0.3000618815422058,1
35,wall_blocked,1,NONE,0.2465007756003848,9.75655010821403,354,0.4307303726673126,0
36,wall_blocked,0,WALL_BLOCKED_FAILURE,0.5156378631459183,9.838550858409542,457,0.3000032305717468,1
37,wall_blocked,1,NONE,0.2462073367188199,11.21446646558566,360,0.3470834791660309,0
38,wall_blocked,1,NONE,0.2395394482001651,17.26862601024383,310,0.4730290174484253,0
39,wall_blocked,0,WALL_BLOCKED_FAILURE,0.7634236338301826,18.253168678705663,600,0.300010085105896,1
40,complex,1,NONE,0.2356698677941987,29.378717267562365,376,0.31359922885894775,0
41,complex,1,NONE,0.24682779562308604,14.872789125123017,243,0.44386643171310425,0
42,complex,0,COLLISION,0.6534200748020305,12.018570362230209,375,0.3000498414039612,0
43,complex,1,NONE,0.24355805333611416,34.13207328413362,397,0.37034910917282104,0
44,complex,1,NONE,0.2450842582835778,7.206655058489039,325,0.36179789900779724,0
45,complex,1,NONE,0.23628859472218944,6.438682096875043,209,0.4632394313812256,0
46,complex,1,NONE,0.23280493142233405,11.629577785344505,414,0.30022406578063965,0
47,complex,1,NONE,0.2479229900637579,4.269031755898633,170,0.30065464973449707,0
48,complex,1,NONE,0.24220935113460842,9.370430715317571,237,0.33614784479141235,0
49,complex,1,NONE,0.23588245182576148,14.825013415170925,206,0.7506782412528992,0
50,complex,0,TIMEOUT,0.9036637197967498,18.11229840458863,600,0.3000427782535553,0
51,complex,1,NONE,0.24672095077428002,14.646027882601306,265,0.44148340821266174,0
52,complex,1,NONE,0.24708683430466657,25.283753024551494,312,0.4382222890853882,0
53,complex,1,NONE,0.2445808792728742,6.991485980293046,241,0.39852774143218994,0
54,complex,0,COLLISION,0.6426696791379262,15.729423527630036,485,0.3000132739543915,0
55,complex,0,COLLISION,2.3725282502518104,1.6297728537543485,92,0.300119012594223,0
56,complex,1,NONE,0.24226437837808104,7.934007135687839,255,0.38844960927963257,0
57,complex,1,NONE,0.22574078352765092,17.188091789062167,227,0.5475723743438721,0
58,complex,0,TIMEOUT,0.83637194644094,14.818038215103002,600,0.3000263571739197,0
59,complex,1,NONE,0.23053380247625813,8.69008136202527,328,0.40217241644859314,0
60,complex,1,NONE,0.24156691521768295,14.907347152751214,250,0.38920843601226807,0
61,complex,1,NONE,0.24699744882591687,7.229057967388657,259,0.4996253550052643,0
62,complex,1,NONE,0.2362561473482789,8.898023009294562,247,0.33611106872558594,0
63,complex,0,COLLISION,2.4122553724958884,2.041099465755748,131,0.30004721879959106,0
64,complex,1,NONE,0.24676491248090532,8.421615152021715,268,0.37319043278694153,0
65,complex,1,NONE,0.22567361329500576,10.09946940101191,214,0.767130970954895,0
66,complex,0,COLLISION,0.805755092369028,8.268122213407956,345,0.3000888526439667,0
67,random,1,NONE,0.23212579159347757,21.57500813356829,231,0.6581249833106995,0
68,random,0,COLLISION,0.6127907071487523,7.972841909179839,298,0.30009615421295166,0
69,random,0,TIMEOUT,0.5161216380179977,25.083317321355768,600,0.30003684759140015,0
70,random,1,NONE,0.24672469953722143,18.05295231589418,483,0.30000555515289307,0
71,random,1,NONE,0.22867875170247284,9.954377552085738,342,0.4082183539867401,0
72,random,0,COLLISION,0.5542423605052058,20.686705974945777,491,0.30002304911613464,0
73,random,0,COLLISION,0.47026671684933546,14.225341848073919,366,0.3000268340110779,0
74,random,1,NONE,0.22828184669337062,9.925457190807062,329,0.3857439160346985,0
75,random,1,NONE,0.2455755367107048,11.622606185939386,250,0.6495069861412048,0
76,random,1,NONE,0.24480496600437845,5.695857753024653,211,0.39794373512268066,0
77,random,1,NONE,0.24914728645088935,12.211341677548154,168,0.594131588935852,0
78,random,0,COLLISION,0.5829346892811923,15.272930028759722,493,0.30005714297294617,0
79,random,1,NONE,0.24574041545946568,14.14336758764951,290,0.4845333397388458,0
80,random,0,COLLISION,6.370998609579443,8.137283445672491,109,0.3001236319541931,0
81,random,0,COLLISION,0.3942684110947339,8.172620825900651,321,0.30000758171081543,0
82,random,1,NONE,0.2473869625035344,30.966885930853206,547,0.3000015914440155,0
83,random,1,NONE,0.223254844989909,17.496443504344274,185,0.5871667861938477,0
84,random,1,NONE,0.24564563676526008,7.548172955606069,214,0.5844199657440186,0
85,random,1,NONE,0.2418453071323192,11.8117030787386,228,0.36349281668663025,0
86,random,1,NONE,0.22998530259694416,13.497450892952047,501,0.5591127872467041,0
87,random,0,COLLISION,0.39253487070485366,13.268345043502146,217,0.30027997493743896,0
88,random,1,NONE,0.24712106220251823,11.311850038311484,356,0.3000105619430542,0
89,random,1,NONE,0.2162865274420372,8.953339343730958,518,0.3000037968158722,0
90,random,0,COLLISION,0.37705318737756066,11.794433033102772,308,0.3000035285949707,0
91,random,1,NONE,0.23268262917936514,19.38823025207761,406,0.3004946708679199,0
92,random,1,NONE,0.23385875050684446,5.261694497577811,192,0.4155512750148773,0
93,random,1,NONE,0.24149496278449745,8.722497416190334,291,0.31802934408187866,0
94,random,0,COLLISION,1.234718796547945,10.90345632722339,432,0.3001146614551544,0
95,random,1,NONE,0.247812780524418,2.4523921001223674,83,0.9157942533493042,0
96,random,0,COLLISION,1.5124017022840153,6.291185483009774,191,0.30005431175231934,0
97,random,1,NONE,0.24989431988738986,8.936394656156518,235,0.57579505443573,0
98,random,1,NONE,0.2492148380698879,8.163444595395369,252,0.39779072999954224,0
99,random,0,COLLISION,6.000819829745921,7.084695843270288,127,0.3000781238079071,0
100,random,1,NONE,0.24818803359116332,10.298782908685311,387,0.3000122010707855,0
101,random,1,NONE,0.240180566930209,7.459099059280645,244,0.3932482898235321,0
102,random,1,NONE,0.24111079924637954,6.756350631406837,261,0.30054712295532227,0
103,random,1,NONE,0.24582972679316767,3.3366573171110696,97,0.8152898550033569,0
104,random,1,NONE,0.24902798515563965,10.802665443747566,359,0.45155617594718933,0
105,random,0,TIMEOUT,1.517686918739063,17.70067694097979,600,0.3002024292945862,0
106,random,0,COLLISION,3.0786171205413275,9.67500255570536,102,0.3000151216983795,0
107,random,0,TIMEOUT,0.5853245212747162,9.340196696892821,600,0.30004653334617615,0
108,random,1,NONE,0.24579107764017846,10.588650903408132,265,0.590218186378479,0
109,random,1,NONE,0.2348639841929043,6.202987072556263,204,0.5574570298194885,0
110,random,0,COLLISION,0.5294440309637412,12.064706122338837,372,0.3001949191093445,0
111,random,0,TIMEOUT,1.3635849494994443,19.943597667086113,600,0.3000795543193817,0
112,random,0,COLLISION,0.7330458188527659,12.415847491714231,470,0.30002856254577637,0
113,random,1,NONE,0.2364230223940092,10.753589084987107,425,0.32029515504837036,0
114,random,1,NONE,0.24396833446118563,14.276611559242603,318,0.3005220890045166,0
115,random,1,NONE,0.24735417864374354,4.315219456930248,169,0.4591484069824219,0
116,random,0,TIMEOUT,9.647984103832115,12.049419869753867,600,0.30061063170433044,0
117,random,0,COLLISION,4.120574855902153,3.9727583061781493,158,0.3000050187110901,0
118,random,1,NONE,0.24488041570525249,4.7181715231354175,150,0.6164422035217285,0
119,random,0,COLLISION,0.4294021253229222,10.916921538044663,436,0.3000202775001526,0
120,random,0,COLLISION,4.428939418813162,10.488460312472357,140,0.30003222823143005,0
121,random,1,NONE,0.24737647251262568,9.747383706306339,322,0.35321465134620667,0
122,random,1,NONE,0.24928477556152365,13.389546622662372,304,0.3202304542064667,0
123,random,1,NONE,0.2496353065258202,14.26687692080884,256,0.7534514665603638,0
124,random,0,COLLISION,0.5061750033738435,29.665202110944044,579,0.3000239133834839,0
125,random,1,NONE,0.2433275800892325,7.966965545208041,150,0.7105161547660828,0
126,random,1,NONE,0.23214318136014184,9.397521599204357,273,0.4937589168548584,0
127,random,1,NONE,0.23172152979321992,8.244354348100032,248,0.8471869230270386,0
128,random,0,COLLISION,5.158701027283724,12.617259261101658,176,0.30004462599754333,0
129,random,1,NONE,0.24022853645767972,7.517553868948005,229,0.9245465993881226,0
130,random,1,NONE,0.22920796041001557,20.25781540653187,390,0.41143256425857544,0
131,random,1,NONE,0.2415536764415802,4.401549529159835,138,0.7157957553863525,0
132,random,1,NONE,0.24205173276041858,8.92907718483882,284,0.470769464969635,0
133,random,0,COLLISION,0.36231374661867216,16.57473521673916,430,0.30000075697898865,0
134,random,1,NONE,0.24345208248089698,9.019116862833718,257,0.5028416514396667,0
135,random,1,NONE,0.24021403212902884,19.79661988112859,282,0.30022528767585754,0
136,random,1,NONE,0.2495234804184478,12.65196110272659,259,0.40926915407180786,0
