scenario_id,category,model,success,collision,timeout,initial_distance_to_goal,final_distance_to_goal,episode_steps,episode_time,path_length,minimum_clearance,mean_linear_velocity,mean_angular_velocity,mean_absolute_angular_velocity,forward_percentage,reverse_percentage,stationary_percentage,oscillation_events,oscillation_rate,no_turn_event,front_collision,successful_obstacle_avoidance,critical_recovery,angular_velocity_when_clearance_below_0.45m,direct_goal_path_blocked,first_obstacle_detected_step,first_turn_step,clearance_at_first_turn,did_robot_turn_away_from_blocking_wall,did_robot_get_around_wall,final_result
EASY / OPEN_1,EASY / OPEN,Champion,True,False,False,2.9928030322887293,1.1917516,172,17.2,2.6062126,0.657688319683075,0.14818081,-0.23734447,0.27300617,0.8953488372093024,0.01744186046511628,0.0872093023255814,0,0.0,False,False,False,False,0.0,False,-1,-1,-1.0,False,True,Success
EASY / OPEN_2,EASY / OPEN,Champion,True,False,False,6.12398965920149,1.1737037,295,29.5,7.099315,0.3008577525615692,0.23942874,-0.06949957,0.2558483,0.9491525423728814,0.003389830508474576,0.04745762711864407,0,0.0,False,False,True,True,0.1411967,False,183,200,0.30713608860969543,True,True,Success
EASY / OPEN_3,EASY / OPEN,Champion,True,False,False,5.637265605123043,1.1861074,321,32.1,6.277982,0.3540072441101074,0.19431677,-0.16400045,0.2731181,0.9158878504672897,0.003115264797507788,0.08099688473520249,0,0.0,False,False,True,False,0.13315025,False,311,-1,-1.0,False,True,Success
EASY / OPEN_4,EASY / OPEN,Champion,True,False,False,6.3009520966860295,1.1576986,299,29.900000000000002,6.4188356,0.5547230243682861,0.18403564,-0.12484711,0.22089063,0.842809364548495,0.12374581939799331,0.033444816053511704,0,0.0,False,False,False,False,0.0,False,-1,-1,-1.0,False,True,Success
EASY / OPEN_5,EASY / OPEN,Champion,True,False,False,5.53515620678069,1.1921815,427,42.7,8.1903105,0.6492096781730652,0.10949194,-0.07424261,0.14419086,0.6135831381733021,0.3770491803278688,0.00936768149882904,0,0.0,False,False,False,False,0.0,False,-1,-1,-1.0,False,True,Success
EASY / OPEN_6,EASY / OPEN,Champion,True,False,False,6.477223075288859,1.1708283,250,25.0,6.2746153,0.8217549920082092,0.25098178,-0.003411109,0.16152531,0.996,0.0,0.004,0,0.0,False,False,False,False,0.0,False,-1,-1,-1.0,False,True,Success
EASY / OPEN_7,EASY / OPEN,Champion,True,False,False,6.565524927980266,1.184276,288,28.8,5.674641,0.9030367136001587,0.1970362,-0.06541552,0.16906355,0.9756944444444444,0.0,0.024305555555555556,0,0.0,False,False,False,False,0.0,False,-1,-1,-1.0,False,True,Success
EASY / OPEN_8,EASY / OPEN,Champion,True,False,False,4.364662785060325,1.1960158,281,28.1,5.858261,0.5346773862838745,0.20770925,-0.02565137,0.26231542,0.9181494661921709,0.0035587188612099642,0.07829181494661921,0,0.0,False,False,False,False,0.0,False,-1,-1,-1.0,False,True,Success
EASY / OPEN_9,EASY / OPEN,Champion,True,False,False,4.217305433892203,1.1938825,231,23.1,4.3012652,0.90868079662323,0.18585725,-0.22233012,0.26600233,0.948051948051948,0.0,0.05194805194805195,0,0.0,False,False,False,False,0.0,False,-1,-1,-1.0,False,True,Success
EASY / OPEN_10,EASY / OPEN,Champion,True,False,False,6.711510929014312,1.1628122,318,31.8,6.851632,0.5074657201766968,0.18480384,-0.10565034,0.20922577,0.8459119496855346,0.12264150943396226,0.031446540880503145,0,0.0,False,False,False,False,0.0,False,-1,-1,-1.0,False,True,Success
EASY / OPEN_11,EASY / OPEN,Champion,True,False,False,5.321360167458141,1.1887451,255,25.5,4.4996653,0.824007511138916,0.17547302,-0.12672582,0.20424536,0.9137254901960784,0.00392156862745098,0.08235294117647059,0,0.0,False,False,False,False,0.0,False,-1,-1,-1.0,False,True,Success
EASY / OPEN_12,EASY / OPEN,Champion,False,True,False,4.88672409932348,4.0127835,514,51.400000000000006,6.223791,0.30100151896476746,0.089651376,0.011835649,0.16151254,0.42996108949416345,0.12840466926070038,0.44163424124513617,0,0.0,True,False,False,False,0.12329777,False,289,-1,-1.0,False,False,Collision
EASY / OPEN_13,EASY / OPEN,Champion,True,False,False,4.328045537572764,1.1859692,206,20.6,4.232279,0.8749397993087769,0.20421587,-0.15310621,0.24169303,0.9174757281553398,0.0,0.0825242718446602,0,0.0,False,False,False,False,0.0,False,-1,-1,-1.0,False,True,Success
EASY / OPEN_14,EASY / OPEN,Champion,False,True,False,4.670243380555228,8.921646,118,11.8,1.4644812,0.3000614047050476,0.120733835,-0.29648486,0.31838354,0.8220338983050848,0.0,0.17796610169491525,0,0.0,False,False,False,False,0.32263637,False,59,59,0.44687139987945557,True,False,Collision
EASY / OPEN_15,EASY / OPEN,Champion,True,False,False,5.416722803217775,1.1798996,232,23.200000000000003,4.418364,0.3011413514614105,0.18902017,-0.09815573,0.18088104,0.9568965517241379,0.008620689655172414,0.034482758620689655,0,0.0,False,False,True,True,0.12593973,False,166,-1,-1.0,False,True,Success
EASY / OPEN_16,EASY / OPEN,Champion,True,False,False,5.284805933609274,1.1814682,306,30.6,6.66085,0.3006238043308258,0.21742764,0.03479537,0.21685262,0.9607843137254902,0.0,0.0392156862745098,0,0.0,False,False,True,True,0.20999947,False,49,49,0.4350799322128296,True,True,Success
EASY / OPEN_17,EASY / OPEN,Champion,True,False,False,2.0174757654019295,1.154021,119,11.9,1.86684,0.9062387943267822,0.15431002,-0.28850824,0.33663312,0.9159663865546218,0.01680672268907563,0.06722689075630252,0,0.0,False,False,False,False,0.0,False,-1,-1,-1.0,False,True,Success
EASY / OPEN_18,EASY / OPEN,Champion,True,False,False,5.155645087027826,1.1920325,261,26.1,4.4816856,0.7636963129043579,0.17109409,-0.15381649,0.23091593,0.9118773946360154,0.0,0.08812260536398467,0,0.0,False,False,False,False,0.0,False,-1,-1,-1.0,False,True,Success
EASY / OPEN_19,EASY / OPEN,Champion,True,False,False,4.511558786930635,1.1982673,214,21.400000000000002,4.8454027,0.5928431153297424,0.21548286,-0.14922972,0.26582778,0.9018691588785047,0.04672897196261682,0.0514018691588785,0,0.0,False,False,False,False,0.0,False,-1,-1,-1.0,False,True,Success
EASY / OPEN_20,EASY / OPEN,Champion,True,False,False,2.5008195259469628,1.1932077,124,12.4,2.230163,0.7603133916854858,0.17866103,-0.19868729,0.27439418,0.9032258064516129,0.0,0.0967741935483871,0,0.0,False,False,False,False,0.0,False,-1,-1,-1.0,False,True,Success
EASY / OPEN_21,EASY / OPEN,Champion,False,True,False,7.758050331605054,9.435875,451,45.1,7.215473,0.41023361682891846,0.016852695,-0.081251666,0.10227715,0.3458980044345898,0.6319290465631929,0.022172949002217297,0,0.0,True,False,False,False,0.20685661,False,52,62,0.4406552314758301,True,False,Collision
EASY / OPEN_22,EASY / OPEN,Champion,True,False,False,2.9355980432331172,1.181598,171,17.1,2.8282812,0.8253113031387329,0.15078504,-0.24407731,0.28781202,0.8362573099415205,0.06432748538011696,0.09941520467836257,0,0.0,False,False,False,False,0.0,False,-1,-1,-1.0,False,True,Success
EASY / OPEN_23,EASY / OPEN,Champion,True,False,False,7.36912463429191,1.1723893,314,31.400000000000002,7.1670446,0.509019672870636,0.22763778,-0.056721743,0.17626877,0.9777070063694268,0.0031847133757961785,0.01910828025477707,0,0.0,False,False,False,False,0.0,False,-1,-1,-1.0,False,True,Success
EASY / OPEN_24,EASY / OPEN,Champion,True,False,False,3.426578210005324,1.1723939,160,16.0,2.5239613,0.4665871858596802,0.15299778,-0.138864,0.23358789,0.9,0.025,0.075,0,0.0,False,False,False,False,0.0,False,-1,-1,-1.0,False,True,Success
EASY / OPEN_25,EASY / OPEN,Champion,True,False,False,4.979072975355784,1.1724396,221,22.1,4.9809093,0.6719673871994019,0.22518077,-0.07015159,0.2118189,0.9683257918552036,0.0,0.03167420814479638,0,0.0,False,False,False,False,0.0,False,-1,-1,-1.0,False,True,Success
EASY / OPEN_26,EASY / OPEN,Champion,True,False,False,5.175542505241767,1.1848664,260,26.0,4.344449,0.8053090572357178,0.16583802,-0.13048813,0.20543721,0.8846153846153846,0.0038461538461538464,0.11153846153846154,0,0.0,False,False,False,False,0.0,False,-1,-1,-1.0,False,True,Success
EASY / OPEN_27,EASY / OPEN,Champion,True,False,False,3.4972149406202395,1.1844207,215,21.5,5.4302015,0.3821816146373749,0.25256738,0.13969293,0.24664307,1.0,0.0,0.0,0,0.0,False,False,True,False,0.45649338,False,179,179,0.4429545998573303,True,True,Success
EASY / OPEN_28,EASY / OPEN,Champion,True,False,False,7.200161394363652,1.19425,331,33.1,6.175789,0.8326919674873352,0.18427205,-0.039691217,0.14993513,0.9274924471299094,0.0030211480362537764,0.06948640483383686,0,0.0,False,False,False,False,0.0,False,-1,-1,-1.0,False,True,Success
EASY / OPEN_29,EASY / OPEN,Champion,False,True,False,4.241100566466139,3.765868,196,19.6,4.5206766,0.3060660660266876,0.23049831,0.06824943,0.14391147,0.9183673469387755,0.0,0.08163265306122448,0,0.0,True,False,False,False,0.13163987,False,144,182,0.4236546456813812,True,False,Collision
EASY / OPEN_30,EASY / OPEN,Champion,True,False,False,4.868054604964335,1.1519668,283,28.3,6.4407907,0.30427443981170654,0.2269812,-0.13374369,0.23789135,0.9752650176678446,0.0035335689045936395,0.02120141342756184,0,0.0,False,False,True,True,0.23901908,False,131,132,0.424851655960083,True,True,Success
WALL-BLOCKED_1,WALL-BLOCKED,Champion,False,True,False,8.031530507497086,4.419254,340,34.0,8.2229595,0.3018016815185547,0.24119648,-0.05815059,0.1935875,0.9117647058823529,0.0029411764705882353,0.08529411764705883,0,0.0,True,False,False,False,0.08817569,True,292,-1,-1.0,False,False,Collision
WALL-BLOCKED_2,WALL-BLOCKED,Champion,False,True,False,6.615516411693537,1.2300978,360,36.0,6.2465706,0.30055516958236694,0.17333448,-0.22317863,0.28252614,0.9666666666666667,0.0,0.03333333333333333,0,0.0,False,False,False,False,0.39674157,True,275,282,0.3039271831512451,True,False,Collision
WALL-BLOCKED_3,WALL-BLOCKED,Champion,False,True,False,7.079107274118698,6.0481596,343,34.300000000000004,6.874305,0.3003358542919159,0.19518256,0.00927913,0.15981407,0.7055393586005831,0.0,0.2944606413994169,0,0.0,True,False,False,False,0.13733095,True,45,45,0.43262290954589844,True,False,Collision
WALL-BLOCKED_4,WALL-BLOCKED,Champion,True,False,False,6.039485459503695,1.1737522,423,42.300000000000004,7.133056,0.36216798424720764,0.16850358,-0.12424529,0.20807005,0.966903073286052,0.0,0.03309692671394799,0,0.0,False,False,True,False,0.13673061,True,283,285,0.41995787620544434,True,True,Success
WALL-BLOCKED_5,WALL-BLOCKED,Champion,False,True,False,6.33154302960143,5.2094955,298,29.8,7.022989,0.3001808822154999,0.23510955,-0.048970226,0.22663096,0.8691275167785235,0.0,0.13087248322147652,0,0.0,False,False,False,False,0.17882785,True,243,244,0.4048502445220947,True,False,Collision
WALL-BLOCKED_6,WALL-BLOCKED,Champion,True,False,False,4.095278463228152,1.1797084,363,36.300000000000004,7.854467,0.300287127494812,0.2161117,0.010708258,0.22333312,0.977961432506887,0.0,0.02203856749311295,0,0.0,False,False,True,True,0.24575512,True,186,195,0.3115959167480469,True,True,Success
WALL-BLOCKED_7,WALL-BLOCKED,Champion,False,True,False,3.8491031903995876,7.1231947,334,33.4,3.4608839,0.39807844161987305,-0.10361929,-0.04298611,0.08845349,0.0,1.0,0.0,0,0.0,True,False,False,False,0.05522082,True,333,-1,-1.0,False,False,Collision
WALL-BLOCKED_8,WALL-BLOCKED,Champion,True,False,False,6.979211350179971,1.1990235,325,32.5,5.783827,0.300551176071167,0.17747559,-0.13043368,0.2044144,0.9476923076923077,0.003076923076923077,0.04923076923076923,0,0.0,False,False,True,True,0.11283558,True,177,184,0.30529701709747314,True,True,Success
WALL-BLOCKED_9,WALL-BLOCKED,Champion,False,True,False,6.83274119403462,1.215092,318,31.8,4.049896,0.3009773790836334,0.11930446,-0.097148895,0.26492092,0.6226415094339622,0.031446540880503145,0.34591194968553457,0,0.0,True,False,False,False,0.18565945,True,202,261,0.30359452962875366,True,False,Collision
WALL-BLOCKED_10,WALL-BLOCKED,Champion,True,False,False,3.188467156911748,1.1990665,442,44.2,8.4619665,0.3007962107658386,0.19004713,-0.17751564,0.3220539,0.9027149321266968,0.004524886877828055,0.09276018099547512,0,0.0,False,False,True,True,0.17580794,True,340,347,0.35230347514152527,True,True,Success
WALL-BLOCKED_11,WALL-BLOCKED,Champion,True,False,False,6.50314896268997,1.189212,289,28.900000000000002,7.078019,0.7102674841880798,0.23635197,-0.08798012,0.23687012,0.9273356401384083,0.031141868512110725,0.04152249134948097,0,0.0,False,False,False,False,0.0,True,-1,-1,-1.0,False,True,Success
WALL-BLOCKED_12,WALL-BLOCKED,Champion,False,False,True,6.669950496595618,1.2071953,800,80.0,5.934604,0.3002127707004547,0.021709891,0.019013472,0.112177156,0.28125,0.07625,0.6425,0,0.0,False,False,False,False,0.08375683,True,172,179,0.30742788314819336,True,False,Timeout
WALL-BLOCKED_13,WALL-BLOCKED,Champion,True,False,False,6.7838269911256805,1.1854832,302,30.200000000000003,7.029421,0.6049715280532837,0.23158112,-0.08444729,0.23943324,0.9370860927152318,0.0033112582781456954,0.059602649006622516,0,0.0,False,False,False,False,0.0,True,-1,-1,-1.0,False,True,Success
WALL-BLOCKED_14,WALL-BLOCKED,Champion,True,False,False,7.059453387241026,1.1862915,387,38.7,7.5304875,0.3170934021472931,0.19453603,-0.07462353,0.19826782,0.9483204134366925,0.0,0.05167958656330749,0,0.0,False,False,True,True,0.25779888,True,215,234,0.3753466010093689,True,True,Success
WALL-BLOCKED_15,WALL-BLOCKED,Champion,False,True,False,7.161988319084942,9.94048,432,43.2,5.8490925,0.30097803473472595,0.08572103,-0.052401066,0.14237835,0.4351851851851852,0.26851851851851855,0.2962962962962963,0,0.0,True,False,False,False,0.043632563,True,180,-1,-1.0,False,False,Collision
WALL-BLOCKED_16,WALL-BLOCKED,Champion,True,False,False,2.934122900182789,1.1641685,287,28.700000000000003,5.9569426,0.31250303983688354,0.20509313,-0.081331566,0.25484183,0.926829268292683,0.006968641114982578,0.06620209059233449,0,0.0,False,False,True,True,0.41278183,True,18,18,0.4334622025489807,True,True,Success
WALL-BLOCKED_17,WALL-BLOCKED,Champion,False,True,False,5.862310116315263,6.966586,283,28.3,5.2717385,0.3000752925872803,0.16822802,-0.079338335,0.18731329,0.6855123674911661,0.10247349823321555,0.21201413427561838,0,0.0,False,False,False,False,0.04263707,True,194,194,0.4365268349647522,True,False,Collision
WALL-BLOCKED_18,WALL-BLOCKED,Champion,False,True,False,7.514260529966882,1.2183936,744,74.4,7.2918077,0.3004893958568573,0.023804536,-0.09413991,0.18745962,0.30913978494623656,0.28897849462365593,0.4018817204301075,0,0.0,False,False,False,False,0.13314553,True,56,56,0.44884663820266724,True,False,Collision
WALL-BLOCKED_19,WALL-BLOCKED,Champion,True,False,False,2.9237472983097392,1.179243,154,15.4,2.918376,0.30080553889274597,0.18899518,-0.14234346,0.25092185,0.8766233766233766,0.0,0.12337662337662338,0,0.0,False,False,True,True,0.20750928,True,64,64,0.44759976863861084,True,True,Success
WALL-BLOCKED_20,WALL-BLOCKED,Champion,False,False,True,6.314218082365858,1.2520605,800,80.0,6.686944,0.9430677890777588,-0.04472143,-0.009011468,0.039938003,0.0725,0.92625,0.00125,0,0.0,False,False,False,False,0.0,True,-1,-1,-1.0,False,False,Timeout
WALL-BLOCKED_21,WALL-BLOCKED,Champion,False,True,False,6.956311720920505,12.0,233,23.3,3.212005,0.3013344407081604,0.036701508,-0.12525828,0.25179058,0.5450643776824035,0.38626609442060084,0.06866952789699571,0,0.0,True,False,False,False,0.18138637,True,155,176,0.37036922574043274,True,False,Collision
WALL-BLOCKED_22,WALL-BLOCKED,Champion,False,True,False,5.645981228988503,1.2570026,351,35.1,5.920148,0.3000057637691498,0.16604902,0.06989026,0.24694508,0.7891737891737892,0.0,0.21082621082621084,0,0.0,True,False,False,False,0.25349605,True,215,223,0.3387018144130707,True,False,Collision
WALL-BLOCKED_23,WALL-BLOCKED,Champion,True,False,False,3.360907938130567,1.1841483,400,40.0,6.079553,0.3614632189273834,0.04372135,-0.17506762,0.19450176,0.5775,0.4,0.0225,0,0.0,False,False,True,False,0.057501297,True,241,-1,-1.0,False,True,Success
WALL-BLOCKED_24,WALL-BLOCKED,Champion,False,True,False,5.683294785329879,1.2413223,335,33.5,5.9004903,0.3006264567375183,0.12135181,-0.045037698,0.16255173,0.7104477611940299,0.23582089552238805,0.05373134328358209,0,0.0,False,False,False,False,0.19053102,True,285,289,0.38095012307167053,True,False,Collision
WALL-BLOCKED_25,WALL-BLOCKED,Champion,True,False,False,3.8925426289368716,1.1894763,763,76.3,10.620218,0.300799161195755,-0.009277791,-0.07572502,0.13769549,0.35255570117955437,0.6461336828309305,0.001310615989515072,0,0.0,False,False,True,True,0.14462243,True,579,581,0.4223039746284485,True,True,Success
WALL-BLOCKED_26,WALL-BLOCKED,Champion,False,True,False,6.493275904419865,1.2450187,333,33.300000000000004,4.878581,0.3001615107059479,0.14217404,-0.07184848,0.24266951,0.7417417417417418,0.018018018018018018,0.24024024024024024,0,0.0,True,False,False,False,0.16347231,True,207,218,0.3177493214607239,True,False,Collision
WALL-BLOCKED_27,WALL-BLOCKED,Champion,True,False,False,6.876797236444674,1.1464505,275,27.5,7.2412853,0.9085003137588501,0.26331952,0.037937395,0.13226451,0.9963636363636363,0.0,0.0036363636363636364,0,0.0,False,False,False,False,0.0,True,-1,-1,-1.0,False,True,Success
WALL-BLOCKED_28,WALL-BLOCKED,Champion,False,True,False,3.906375526996915,1.2181702,325,32.5,5.240953,0.30007678270339966,0.15752144,0.07075028,0.2151416,0.803076923076923,0.0,0.19692307692307692,0,0.0,True,False,False,False,0.22940719,True,192,202,0.3131468594074249,True,False,Collision
WALL-BLOCKED_29,WALL-BLOCKED,Champion,False,False,True,6.6441648901500265,12.0,800,80.0,12.025717,0.8835506439208984,-0.06399779,-0.0029451656,0.1586727,0.2175,0.72,0.0625,0,0.0,False,False,False,False,0.0,True,-1,-1,-1.0,False,False,Timeout
WALL-BLOCKED_30,WALL-BLOCKED,Champion,True,False,False,3.9688091620432733,1.1849903,409,40.900000000000006,5.5153847,0.3977280557155609,0.05329389,0.004273352,0.12830105,0.5745721271393643,0.39364303178484106,0.03178484107579462,0,0.0,False,False,True,False,0.19322582,True,243,243,0.44898492097854614,True,True,Success
COMPLEX OBSTACLE_1,COMPLEX OBSTACLE,Champion,False,True,False,7.469207007360053,12.0,323,32.300000000000004,3.4099994,0.5079067945480347,-0.10557278,-0.03873962,0.09435599,0.0,0.9845201238390093,0.015479876160990712,0,0.0,False,False,False,False,0.0,True,-1,-1,-1.0,False,False,Collision
COMPLEX OBSTACLE_2,COMPLEX OBSTACLE,Champion,True,False,False,7.2804115316667275,1.1713357,433,43.300000000000004,7.1668444,0.300581693649292,0.16522083,-0.16578338,0.22548807,0.930715935334873,0.0,0.06928406466512702,0,0.0,False,False,True,True,0.13995498,True,215,217,0.3816651701927185,True,True,Success
COMPLEX OBSTACLE_3,COMPLEX OBSTACLE,Champion,False,True,False,5.142704932113206,1.2157964,225,22.5,3.7288797,0.30089157819747925,0.16463941,-0.048661605,0.20398898,0.7644444444444445,0.0,0.23555555555555555,0,0.0,False,False,False,False,0.2044606,True,61,62,0.43379539251327515,True,False,Collision
COMPLEX OBSTACLE_4,COMPLEX OBSTACLE,Champion,False,True,False,7.193320387186638,2.981948,362,36.2,7.826622,0.30029869079589844,0.21570136,-0.046095636,0.20613244,0.9060773480662984,0.0027624309392265192,0.09116022099447514,0,0.0,False,False,False,False,0.11686982,True,172,173,0.43109411001205444,True,False,Collision
COMPLEX OBSTACLE_5,COMPLEX OBSTACLE,Champion,False,True,False,6.802798748996336,1.231982,264,26.400000000000002,4.268193,0.3005250096321106,0.16163626,-0.15543179,0.24215734,0.8712121212121212,0.0,0.12878787878787878,0,0.0,True,False,False,False,0.08365407,True,221,225,0.33682188391685486,True,False,Collision
COMPLEX OBSTACLE_6,COMPLEX OBSTACLE,Champion,False,True,False,6.571595773509212,11.40212,98,9.8,1.9109747,0.30187690258026123,0.19499743,-0.19681117,0.28232077,0.9693877551020408,0.0,0.030612244897959183,0,0.0,False,False,False,False,0.25812355,True,50,50,0.4444314241409302,True,False,Collision
COMPLEX OBSTACLE_7,COMPLEX OBSTACLE,Champion,True,False,False,3.9393741757938088,1.181965,206,20.6,4.4012074,0.5711426734924316,0.21345262,-0.011120892,0.22183302,0.9660194174757282,0.0,0.03398058252427184,0,0.0,False,False,False,False,0.0,True,-1,-1,-1.0,False,True,Success
COMPLEX OBSTACLE_8,COMPLEX OBSTACLE,Champion,False,False,True,3.8502317259254264,9.787952,800,80.0,11.62617,0.9316601753234863,-0.06201043,0.0042925184,0.18250309,0.2225,0.7025,0.075,0,0.0,False,False,False,False,0.0,True,-1,-1,-1.0,False,False,Timeout
COMPLEX OBSTACLE_9,COMPLEX OBSTACLE,Champion,False,False,True,7.469942469316514,1.239978,800,80.0,5.972455,0.9075570106506348,-0.07465565,-0.07805989,0.087830804,0.0,0.9375,0.0625,0,0.0,False,False,False,False,0.0,True,-1,-1,-1.0,False,False,Timeout
COMPLEX OBSTACLE_10,COMPLEX OBSTACLE,Champion,True,False,False,4.2328235428270355,1.1790282,222,22.200000000000003,4.3017964,0.3029314875602722,0.19375034,-0.09226873,0.22166811,0.9459459459459459,0.0,0.05405405405405406,0,0.0,False,False,True,True,0.38507873,True,201,201,0.43629002571105957,True,True,Success
COMPLEX OBSTACLE_11,COMPLEX OBSTACLE,Champion,False,True,False,8.013067729532299,3.0642753,339,33.9,8.170923,0.3025813698768616,0.24091373,0.041709226,0.10693891,0.9911504424778761,0.0,0.008849557522123894,0,0.0,True,False,False,False,0.030328419,True,288,-1,-1.0,False,False,Collision
COMPLEX OBSTACLE_12,COMPLEX OBSTACLE,Champion,True,False,False,9.012454867061201,1.1697938,467,46.7,7.343499,0.3014942407608032,0.15512775,-0.07806722,0.1642711,0.9336188436830836,0.010706638115631691,0.055674518201284794,0,0.0,False,False,True,True,0.2185053,True,175,201,0.3239365518093109,True,True,Success
COMPLEX OBSTACLE_13,COMPLEX OBSTACLE,Champion,False,True,False,7.032752663057466,3.108263,693,69.3,10.085912,0.3009434640407562,0.037460484,-0.11079985,0.15015085,0.5021645021645021,0.43867243867243866,0.05916305916305916,0,0.0,True,False,False,False,0.078096576,True,143,148,0.4446914792060852,True,False,Collision
COMPLEX OBSTACLE_14,COMPLEX OBSTACLE,Champion,False,True,False,6.475680828573462,1.2298261,340,34.0,6.464881,0.30066993832588196,0.16000782,-0.01126075,0.1705164,0.8147058823529412,0.1411764705882353,0.04411764705882353,0,0.0,True,False,False,False,0.07218547,True,290,-1,-1.0,False,False,Collision
COMPLEX OBSTACLE_15,COMPLEX OBSTACLE,Champion,False,True,False,7.132713949769165,12.0,219,21.900000000000002,3.053939,0.3001813292503357,0.05277932,-0.120455034,0.25493422,0.4703196347031963,0.2968036529680365,0.2328767123287671,0,0.0,True,False,False,False,0.14402612,True,132,-1,-1.0,False,False,Collision
COMPLEX OBSTACLE_16,COMPLEX OBSTACLE,Champion,True,False,False,6.392603904267082,1.1622658,715,71.5,9.662136,0.36186784505844116,0.033149824,-0.117414266,0.14756048,0.4937062937062937,0.4797202797202797,0.026573426573426574,0,0.0,False,False,True,False,0.15261337,True,453,454,0.43082481622695923,True,True,Success
COMPLEX OBSTACLE_17,COMPLEX OBSTACLE,Champion,False,True,False,7.366521338410173,12.0,510,51.0,4.595342,0.5079070925712585,-0.09010469,-0.027462993,0.10853721,0.0,1.0,0.0,0,0.0,False,False,False,False,0.0,True,-1,-1,-1.0,False,False,Collision
COMPLEX OBSTACLE_18,COMPLEX OBSTACLE,Champion,True,False,False,6.456127640736206,1.1749892,540,54.0,7.911249,0.300190269947052,0.13762937,0.016495379,0.20640078,0.75,0.020370370370370372,0.22962962962962963,0,0.0,False,False,True,True,0.19913499,True,200,202,0.41820746660232544,True,True,Success
COMPLEX OBSTACLE_19,COMPLEX OBSTACLE,Champion,False,True,False,8.190315604424296,12.0,245,24.5,3.377397,0.30066344141960144,0.035459243,-0.11503757,0.23228103,0.5387755102040817,0.39591836734693875,0.0653061224489796,0,0.0,True,False,False,False,0.16774103,True,164,185,0.35769015550613403,True,False,Collision
COMPLEX OBSTACLE_20,COMPLEX OBSTACLE,Champion,False,True,False,8.49199131060584,1.211759,213,21.3,3.4677994,0.3002394139766693,0.15858458,-0.089539334,0.1748438,0.8779342723004695,0.018779342723004695,0.10328638497652583,0,0.0,True,False,False,False,0.100754604,True,65,70,0.44369250535964966,True,False,Collision
COMPLEX OBSTACLE_21,COMPLEX OBSTACLE,Champion,False,True,False,5.042751077707575,9.820314,231,23.1,3.3561456,0.3001733720302582,0.05276799,-0.11756067,0.26868948,0.6233766233766234,0.35064935064935066,0.025974025974025976,0,0.0,False,False,False,False,0.21432532,True,151,157,0.3330603837966919,True,False,Collision
COMPLEX OBSTACLE_22,COMPLEX OBSTACLE,Champion,True,False,False,7.517688526993542,1.1902488,558,55.800000000000004,8.105084,0.30007457733154297,0.13793701,-0.045521818,0.1794058,0.7365591397849462,0.01971326164874552,0.24372759856630824,0,0.0,False,False,True,True,0.17939653,True,213,225,0.3331887722015381,True,True,Success
COMPLEX OBSTACLE_23,COMPLEX OBSTACLE,Champion,False,True,False,7.076402936488265,12.0,147,14.700000000000001,1.8078271,0.3012716770172119,0.11881801,-0.101116836,0.1804752,0.5714285714285714,0.0,0.42857142857142855,0,0.0,False,False,False,False,0.103613526,True,51,61,0.3596901595592499,True,False,Collision
COMPLEX OBSTACLE_24,COMPLEX OBSTACLE,Champion,False,False,True,3.7300005207405342,1.2113869,800,80.0,6.78972,0.9190333485603333,-0.078641206,-0.07401721,0.084212646,0.0125,0.93375,0.05375,0,0.0,False,False,False,False,0.0,True,-1,-1,-1.0,False,False,Timeout
COMPLEX OBSTACLE_25,COMPLEX OBSTACLE,Champion,False,True,False,9.165809680820194,7.292852,368,36.800000000000004,8.339753,0.3008372187614441,0.22662428,-0.022235787,0.1696589,0.9728260869565217,0.0,0.02717391304347826,0,0.0,False,False,False,False,0.14804105,True,51,57,0.3743613064289093,True,False,Collision
COMPLEX OBSTACLE_26,COMPLEX OBSTACLE,Champion,True,False,False,5.714905632926805,1.1693947,466,46.6,7.757238,0.30053046345710754,0.1635007,0.0010975853,0.19942571,0.8218884120171673,0.0,0.1781115879828326,0,0.0,False,False,True,True,0.22145076,True,223,226,0.40789076685905457,True,True,Success
COMPLEX OBSTACLE_27,COMPLEX OBSTACLE,Champion,False,False,True,7.340380764896453,8.917422,800,80.0,11.0572405,0.4164797067642212,0.011199009,0.0127948085,0.11260534,0.325,0.56125,0.11375,0,0.0,False,False,False,False,0.022852845,True,534,-1,-1.0,False,False,Timeout
COMPLEX OBSTACLE_28,COMPLEX OBSTACLE,Champion,False,True,False,6.168810446289273,1.2425432,232,23.200000000000003,3.485705,0.3010292947292328,0.14537132,-0.05167463,0.201378,0.7241379310344828,0.017241379310344827,0.25862068965517243,0,0.0,True,False,False,False,0.17833379,True,173,-1,-1.0,False,False,Collision
COMPLEX OBSTACLE_29,COMPLEX OBSTACLE,Champion,False,True,False,5.348364123222155,9.3863945,235,23.5,3.3064997,0.3027198314666748,0.05423727,-0.10065681,0.26783034,0.6042553191489362,0.3021276595744681,0.09361702127659574,0,0.0,True,False,False,False,0.1803662,True,138,156,0.4499015212059021,True,False,Collision
COMPLEX OBSTACLE_30,COMPLEX OBSTACLE,Champion,False,False,True,3.9536941623341995,1.2386111,800,80.0,6.0499406,0.9183782339096069,-0.075624324,-0.07805713,0.08502223,0.0,0.9375,0.0625,0,0.0,False,False,False,False,0.0,True,-1,-1,-1.0,False,False,Timeout
TOP_LEFT_1,TOP_LEFT,Champion,True,False,False,8.087984826760298,1.1763159,546,54.6,8.013911,0.3184221088886261,0.14600947,-0.034802545,0.14769644,0.9340659340659341,0.0018315018315018315,0.0641025641025641,0,0.0,False,False,True,True,0.22353145,True,104,257,0.4479413628578186,True,True,Success
TOP_LEFT_2,TOP_LEFT,Champion,False,True,False,4.911520644563392,8.659749,225,22.5,3.3018525,0.30395713448524475,0.061914053,-0.104320355,0.26683423,0.68,0.29777777777777775,0.022222222222222223,0,0.0,True,False,False,False,0.18893962,True,138,153,0.4313367009162903,True,False,Collision
TOP_LEFT_3,TOP_LEFT,Champion,True,False,False,5.347241529139723,1.1826844,388,38.800000000000004,6.4639654,0.30024778842926025,0.16160299,-0.11325017,0.22909027,0.9381443298969072,0.023195876288659795,0.03865979381443299,0,0.0,False,False,True,True,0.2541061,True,151,284,0.3371141850948334,True,True,Success
TOP_LEFT_4,TOP_LEFT,Champion,False,True,False,7.65773134703719,1.2501447,427,42.7,6.9659185,0.30090421438217163,0.09048293,-0.22185087,0.247898,0.6908665105386417,0.25995316159250587,0.04918032786885246,0,0.0,False,False,False,False,0.3285751,True,188,326,0.4323301315307617,True,False,Collision
TOP_LEFT_5,TOP_LEFT,Champion,True,False,False,6.238253145957749,1.1732578,491,49.1,7.5393558,0.3011088967323303,0.1223428,-0.106882185,0.20973669,0.8167006109979633,0.12219959266802444,0.06109979633401222,0,0.0,False,False,True,True,0.33868638,True,318,318,0.4434020519256592,True,True,Success
TOP_LEFT_6,TOP_LEFT,Champion,False,True,False,4.95194829050726,8.930789,249,24.900000000000002,3.4922512,0.30253949761390686,0.05742443,-0.083366774,0.27310833,0.6586345381526104,0.2971887550200803,0.04417670682730924,0,0.0,False,False,False,False,0.22240536,True,146,161,0.4360761046409607,True,False,Collision
TOP_LEFT_7,TOP_LEFT,Champion,False,False,True,7.964748214816738,1.2548449,800,80.0,10.755235,0.3686315715312958,0.03735591,-0.11069937,0.14565895,0.53125,0.44,0.02875,0,0.0,False,False,False,False,0.21253176,True,458,459,0.4275168180465698,True,False,Timeout
TOP_LEFT_8,TOP_LEFT,Champion,False,False,True,5.180895151469221,1.2169518,800,80.0,5.9200706,0.9349397420883179,-0.073994115,-0.076862544,0.08593515,0.0,0.90625,0.09375,0,0.0,False,False,False,False,0.0,True,-1,-1,-1.0,False,False,Timeout
TOP_LEFT_9,TOP_LEFT,Champion,True,False,False,3.420116531966094,1.1999853,340,34.0,5.3004675,0.3153577148914337,0.034147665,-0.15582272,0.1700212,0.5441176470588235,0.45,0.0058823529411764705,0,0.0,False,False,True,True,0.13100098,True,231,267,0.3758445382118225,True,True,Success
TOP_LEFT_10,TOP_LEFT,Champion,False,False,True,5.948869084391419,1.2123368,800,80.0,5.889433,0.9193323850631714,-0.073617965,-0.06893966,0.07586856,0.0,0.87125,0.12875,0,0.0,False,False,False,False,0.0,True,-1,-1,-1.0,False,False,Timeout
TOP_RIGHT_1,TOP_RIGHT,Champion,False,True,False,5.657276802021057,1.2194589,275,27.5,5.482474,0.30014488101005554,0.19570257,-0.046838984,0.27141422,0.9272727272727272,0.01090909090909091,0.06181818181818182,0,0.0,False,False,False,False,0.3322374,True,17,17,0.43546563386917114,True,False,Collision
TOP_RIGHT_2,TOP_RIGHT,Champion,True,False,False,5.477881239163152,1.1725935,280,28.0,5.826567,0.3002749979496002,0.20809174,-0.012785165,0.23572889,0.9714285714285714,0.0,0.02857142857142857,0,0.0,False,False,True,True,0.23751244,True,197,197,0.4418995976448059,True,True,Success
TOP_RIGHT_3,TOP_RIGHT,Champion,True,False,False,7.6698277954531004,1.1771502,356,35.6,7.169742,0.5167190432548523,0.2013867,-0.072295934,0.1600556,0.9719101123595506,0.0,0.028089887640449437,0,0.0,False,False,False,False,0.0,True,-1,-1,-1.0,False,True,Success
TOP_RIGHT_4,TOP_RIGHT,Champion,False,False,True,5.1585589952252855,12.0,800,80.0,11.74549,0.8598794937133789,-0.060907852,0.00034398568,0.14825918,0.22375,0.72125,0.055,0,0.0,False,False,False,False,0.0,True,-1,-1,-1.0,False,False,Timeout
TOP_RIGHT_5,TOP_RIGHT,Champion,True,False,False,8.205965231714119,1.1949286,509,50.900000000000006,8.972266,0.3020658791065216,0.17607155,-0.08297896,0.18114342,0.9705304518664047,0.0,0.029469548133595286,0,0.0,False,False,True,True,0.10665805,True,212,-1,-1.0,False,True,Success
TOP_RIGHT_6,TOP_RIGHT,Champion,False,False,True,6.460617349232938,11.402913,800,80.0,9.779709,0.8497650623321533,-0.020700872,-0.015539012,0.08738565,0.18,0.6425,0.1775,0,0.0,False,False,False,False,0.0,True,-1,-1,-1.0,False,False,Timeout
TOP_RIGHT_7,TOP_RIGHT,Champion,False,True,False,5.834426152895505,1.2197802,258,25.8,4.9973693,0.30091243982315063,0.19151919,-0.067065716,0.23238115,0.8953488372093024,0.003875968992248062,0.10077519379844961,0,0.0,False,False,False,False,0.21935722,True,198,204,0.3462044596672058,True,False,Collision
TOP_RIGHT_8,TOP_RIGHT,Champion,False,False,True,7.055516775672517,12.0,800,80.0,8.887035,0.9373389482498169,-0.020686485,-0.010710566,0.040027484,0.15125,0.7575,0.09125,0,0.0,False,False,False,False,0.0,True,-1,-1,-1.0,False,False,Timeout
TOP_RIGHT_9,TOP_RIGHT,Champion,True,False,False,6.938621840362836,1.1935296,363,36.300000000000004,7.4668407,0.3039274513721466,0.20523815,-0.06367792,0.17096132,0.977961432506887,0.0027548209366391185,0.01928374655647383,0,0.0,False,False,True,True,0.18052058,True,204,204,0.44785964488983154,True,True,Success
TOP_RIGHT_10,TOP_RIGHT,Champion,False,False,True,6.7653507887467885,12.0,800,80.0,11.660965,0.8640745282173157,-0.060941614,-0.0034500977,0.13760269,0.21625,0.73,0.05375,0,0.0,False,False,False,False,0.0,True,-1,-1,-1.0,False,False,Timeout
BOTTOM_LEFT_1,BOTTOM_LEFT,Champion,True,False,False,4.529803246777972,1.1950816,257,25.700000000000003,4.874406,0.9028764367103577,0.18951891,-0.19298635,0.28706908,0.953307392996109,0.0,0.04669260700389105,0,0.0,False,False,False,False,0.0,False,-1,-1,-1.0,False,True,Success
BOTTOM_LEFT_2,BOTTOM_LEFT,Champion,False,True,False,8.465336785913925,5.2610703,343,34.300000000000004,8.425455,0.30102699995040894,0.24475649,-0.06450827,0.19597018,0.9504373177842566,0.0029154518950437317,0.04664723032069971,0,0.0,True,False,False,False,0.06385289,True,294,-1,-1.0,False,False,Collision
BOTTOM_LEFT_3,BOTTOM_LEFT,Champion,True,False,False,6.00739359781193,1.1850427,322,32.2,6.0774055,0.527390718460083,0.18825366,-0.17408235,0.26283893,0.937888198757764,0.003105590062111801,0.059006211180124224,0,0.0,False,False,False,False,0.0,False,-1,-1,-1.0,False,True,Success
BOTTOM_LEFT_4,BOTTOM_LEFT,Champion,False,False,True,7.960226954864958,12.0,800,80.0,8.879779,0.3000512421131134,0.0024264432,-0.035161924,0.1082175,0.2125,0.775,0.0125,0,0.0,False,False,False,False,0.06472194,True,166,-1,-1.0,False,False,Timeout
BOTTOM_LEFT_5,BOTTOM_LEFT,Champion,True,False,False,7.6150164330531664,1.1658602,389,38.900000000000006,7.1186805,0.30043458938598633,0.18224676,-0.15653962,0.22438882,0.9254498714652957,0.005141388174807198,0.06940874035989718,0,0.0,False,False,True,True,0.14548165,False,208,217,0.30043458938598633,True,True,Success
BOTTOM_LEFT_6,BOTTOM_LEFT,Champion,False,True,False,6.176967516473907,4.127865,310,31.0,7.161087,0.30052974820137024,0.23001948,-0.04783492,0.21494925,0.9064516129032258,0.0032258064516129032,0.09032258064516129,0,0.0,False,False,False,False,0.16258428,True,250,250,0.44054532051086426,True,False,Collision
BOTTOM_LEFT_7,BOTTOM_LEFT,Champion,True,False,False,6.588484798438648,1.1704211,358,35.800000000000004,6.6714296,0.3008286952972412,0.18572086,-0.16085951,0.25391534,0.9357541899441341,0.0,0.06424581005586592,0,0.0,False,False,True,True,0.21609353,True,207,214,0.3101785480976105,True,True,Success
BOTTOM_LEFT_8,BOTTOM_LEFT,Champion,False,True,False,7.258398681078233,5.648364,307,30.700000000000003,7.52346,0.30112770199775696,0.24413414,-0.046607133,0.22471489,0.8762214983713354,0.003257328990228013,0.12052117263843648,0,0.0,False,False,False,False,0.24627714,True,259,259,0.4294392764568329,True,False,Collision
BOTTOM_LEFT_9,BOTTOM_LEFT,Champion,False,True,False,8.432833357194031,1.2144324,244,24.400000000000002,4.7955446,0.3001483380794525,0.19588797,-0.16961998,0.28548187,0.9549180327868853,0.0,0.045081967213114756,0,0.0,False,False,False,False,0.28476462,True,215,215,0.44844114780426025,True,False,Collision
BOTTOM_LEFT_10,BOTTOM_LEFT,Champion,False,True,False,4.976173469321714,1.7513813,346,34.6,7.0922217,0.3007517158985138,0.20428623,-0.027414028,0.22386762,0.9219653179190751,0.0,0.07803468208092486,0,0.0,False,False,False,False,0.10614404,False,274,294,0.3083936870098114,True,False,Collision
BOTTOM_RIGHT_1,BOTTOM_RIGHT,Champion,False,False,True,3.3142323690184345,1.2233688,800,80.0,6.805492,0.5403373837471008,-0.057063237,-0.09876683,0.13589911,0.085,0.795,0.12,0,0.0,False,False,False,False,0.0,False,-1,-1,-1.0,False,False,Timeout
BOTTOM_RIGHT_2,BOTTOM_RIGHT,Champion,False,False,True,7.394564664810657,1.244828,800,80.0,6.7988977,0.3001854419708252,0.009493907,-0.045447577,0.11491207,0.24875,0.29875,0.4525,0,0.0,False,False,False,False,0.09307752,True,172,776,0.3184390962123871,True,False,Timeout
BOTTOM_RIGHT_3,BOTTOM_RIGHT,Champion,True,False,False,5.399958197809888,1.1786046,226,22.6,5.026153,0.3722662329673767,0.22239636,-3.3071283e-05,0.18633868,0.9778761061946902,0.0,0.022123893805309734,0,0.0,False,False,True,False,0.21868792,False,171,171,0.44300714135169983,True,True,Success
BOTTOM_RIGHT_4,BOTTOM_RIGHT,Champion,True,False,False,6.968203125913328,1.1767073,345,34.5,6.661895,0.3058890104293823,0.19133292,-0.031665016,0.1816637,0.9739130434782609,0.008695652173913044,0.017391304347826087,0,0.0,False,False,True,True,0.071103945,False,164,-1,-1.0,False,True,Success
BOTTOM_RIGHT_5,BOTTOM_RIGHT,Champion,False,False,True,6.85537001578143,8.822177,800,80.0,7.8157387,0.5112863183021545,-0.0065947794,-0.041300394,0.060933936,0.205,0.54875,0.24625,0,0.0,False,False,False,False,0.0,False,-1,-1,-1.0,False,False,Timeout
BOTTOM_RIGHT_6,BOTTOM_RIGHT,Champion,True,False,False,7.211465396942566,1.1804229,302,30.200000000000003,5.9544487,0.9119831323623657,0.19661237,-0.07390783,0.13210106,0.9536423841059603,0.0,0.046357615894039736,0,0.0,False,False,False,False,0.0,False,-1,-1,-1.0,False,True,Success
BOTTOM_RIGHT_7,BOTTOM_RIGHT,Champion,False,False,True,5.605283427363893,6.98357,800,80.0,9.328801,0.33966249227523804,-8.039186e-05,-0.018474353,0.059501052,0.21875,0.62875,0.1525,0,0.0,False,False,False,False,0.21806309,False,47,48,0.433299720287323,True,False,Timeout
BOTTOM_RIGHT_8,BOTTOM_RIGHT,Champion,True,False,False,5.402411342892908,1.1976274,238,23.8,4.285949,0.30073225498199463,0.17635432,-0.1133218,0.19317755,0.9411764705882353,0.012605042016806723,0.046218487394957986,0,0.0,False,False,True,True,0.08056667,False,173,-1,-1.0,False,True,Success
BOTTOM_RIGHT_9,BOTTOM_RIGHT,Champion,False,True,False,6.186932525634455,1.8985379,226,22.6,3.6286674,0.30139926075935364,0.15742154,0.0054833973,0.2097249,0.8628318584070797,0.01327433628318584,0.12389380530973451,0,0.0,False,False,False,False,0.25873432,True,56,56,0.43782296776771545,True,False,Collision
BOTTOM_RIGHT_10,BOTTOM_RIGHT,Champion,True,False,False,3.339471646666123,1.1819308,156,15.600000000000001,2.538543,0.468827486038208,0.15894055,-0.16334797,0.24739043,0.8717948717948718,0.01282051282051282,0.11538461538461539,0,0.0,False,False,False,False,0.0,False,-1,-1,-1.0,False,True,Success
RANDOM_1,RANDOM,Champion,True,False,False,5.802096279607034,1.1955161,239,23.900000000000002,5.490337,0.6591951847076416,0.2297213,0.0009852357,0.18118328,0.9874476987447699,0.0,0.012552301255230125,0,0.0,False,False,False,False,0.0,False,-1,-1,-1.0,False,True,Success
RANDOM_2,RANDOM,Champion,True,False,False,3.471909581120444,1.2198443,163,16.3,3.790933,0.7454988360404968,0.23251708,-0.06803141,0.22250322,0.9631901840490797,0.0,0.03680981595092025,0,0.0,False,False,False,False,0.0,True,-1,-1,-1.0,False,True,Success
RANDOM_3,RANDOM,Champion,False,True,False,6.680948225482649,11.801798,97,9.700000000000001,1.7815901,0.30070409178733826,0.18269682,-0.18626626,0.2778354,0.9484536082474226,0.0,0.05154639175257732,0,0.0,False,False,False,False,0.25413617,True,50,50,0.44664227962493896,True,False,Collision
RANDOM_4,RANDOM,Champion,True,False,False,4.578605600659657,1.1868092,280,28.0,4.575581,0.5735726356506348,0.16277188,-0.1562071,0.21940848,0.9535714285714286,0.0,0.04642857142857143,0,0.0,False,False,False,False,0.0,False,-1,-1,-1.0,False,True,Success
RANDOM_5,RANDOM,Champion,False,False,True,5.100827160127576,4.5280046,800,80.0,10.584479,0.3000085651874542,0.036194768,-0.014246026,0.0944032,0.32875,0.65875,0.0125,0,0.0,False,False,False,False,0.02151793,False,179,265,0.4183349013328552,True,False,Timeout
RANDOM_6,RANDOM,Champion,True,False,False,5.0715442869915535,1.169912,296,29.6,5.476108,0.30242952704429626,0.1829894,-0.16340403,0.26864755,0.9391891891891891,0.010135135135135136,0.05067567567567568,0,0.0,False,False,True,True,0.310957,False,223,223,0.44204944372177124,True,True,Success
RANDOM_7,RANDOM,Champion,True,False,False,6.077169001967735,1.1917107,270,27.0,7.2390103,0.9470233917236328,0.2676066,0.04407892,0.1554322,0.9851851851851852,0.0,0.014814814814814815,0,0.0,False,False,False,False,0.0,True,-1,-1,-1.0,False,True,Success
RANDOM_8,RANDOM,Champion,True,False,False,1.5490466442925073,1.1996201,99,9.9,1.8749573,0.8632125854492188,0.18551424,-0.2701841,0.4275993,0.898989898989899,0.020202020202020204,0.08080808080808081,0,0.0,False,False,False,False,0.0,False,-1,-1,-1.0,False,True,Success
RANDOM_9,RANDOM,Champion,True,False,False,3.258292197937629,1.1867807,395,39.5,6.073748,0.355053573846817,0.01840943,-0.150861,0.18691386,0.4835443037974684,0.49873417721518987,0.017721518987341773,0,0.0,False,False,True,False,0.14763862,True,285,300,0.355053573846817,True,True,Success
RANDOM_10,RANDOM,Champion,False,True,False,6.618611201139298,6.775426,211,21.1,4.724679,0.3003905117511749,0.22232266,-0.14318684,0.26735342,0.8009478672985783,0.004739336492890996,0.1943127962085308,0,0.0,True,False,False,False,0.13631657,False,168,168,0.44899970293045044,True,False,Collision
RANDOM_11,RANDOM,Champion,True,False,False,7.862711305068345,1.1714517,539,53.900000000000006,8.463038,0.30223220586776733,0.15659428,-0.10507167,0.20400019,0.9424860853432282,0.0018552875695732839,0.055658627087198514,0,0.0,False,False,True,True,0.28812057,True,272,272,0.43543559312820435,True,True,Success
RANDOM_12,RANDOM,Champion,False,False,True,4.288873002370081,4.024641,800,80.0,10.006964,0.3004041910171509,0.029049389,-0.008531251,0.08546305,0.29375,0.6925,0.01375,0,0.0,False,False,False,False,0.024478333,False,237,237,0.4406609535217285,True,False,Timeout
RANDOM_13,RANDOM,Champion,True,False,False,4.902464626322522,1.181839,365,36.5,5.32151,0.4870162010192871,0.07794439,0.00061940757,0.13321365,0.6602739726027397,0.3095890410958904,0.030136986301369864,0,0.0,False,False,False,False,0.0,False,-1,-1,-1.0,False,True,Success
RANDOM_14,RANDOM,Champion,False,False,True,4.583428265942262,4.9192133,800,80.0,10.449319,0.3001444935798645,0.02902109,-0.014713086,0.11171713,0.30875,0.675,0.01625,0,0.0,False,False,False,False,0.027079144,False,251,252,0.42748790979385376,True,False,Timeout
RANDOM_15,RANDOM,Champion,True,False,False,5.769851659548381,1.1893688,248,24.8,5.8017945,0.9205862283706665,0.2337734,-0.09084292,0.18769805,0.9879032258064516,0.0,0.012096774193548387,0,0.0,False,False,False,False,0.0,False,-1,-1,-1.0,False,True,Success
RANDOM_16,RANDOM,Champion,True,False,False,2.6784857599597065,1.1955942,215,21.5,4.3862457,0.4059388041496277,0.20326781,-0.034031164,0.3314804,0.9302325581395349,0.004651162790697674,0.06511627906976744,0,0.0,False,False,True,False,0.11311567,False,192,-1,-1.0,False,True,Success
RANDOM_17,RANDOM,Champion,True,False,False,1.6646457107108186,1.1889744,95,9.5,1.5265292,0.9051380157470703,0.1595675,-0.37940252,0.39932078,0.8105263157894737,0.0,0.18947368421052632,0,0.0,False,False,False,False,0.0,False,-1,-1,-1.0,False,True,Success
RANDOM_18,RANDOM,Champion,False,True,False,8.583854549749542,5.151042,374,37.4,8.486576,0.30119451880455017,0.21777537,0.03052997,0.14552093,0.9331550802139037,0.045454545454545456,0.0213903743315508,0,0.0,True,False,False,False,0.07873223,True,327,-1,-1.0,False,False,Collision
RANDOM_19,RANDOM,Champion,True,False,False,6.948799692406849,1.177796,360,36.0,6.9650903,0.3063434660434723,0.19226153,-0.038556032,0.15858212,0.9555555555555556,0.005555555555555556,0.03888888888888889,0,0.0,False,False,True,True,0.15200946,True,162,170,0.3130929172039032,True,True,Success
RANDOM_20,RANDOM,Champion,True,False,False,7.172389149462723,1.1877245,329,32.9,6.756244,0.47350725531578064,0.20535703,0.006073191,0.1408932,1.0,0.0,0.0,0,0.0,False,False,False,False,0.0,False,-1,-1,-1.0,False,True,Success
EASY / OPEN_1,EASY / OPEN,Stage-A,True,False,False,2.9928030322887293,1.1725764,172,17.2,3.5248897,0.3093186318874359,0.20471749,-0.16485853,0.32898447,0.9767441860465116,0.0,0.023255813953488372,0,0.0,False,False,True,True,0.41137305,False,162,164,0.4075654149055481,True,True,Success
EASY / OPEN_2,EASY / OPEN,Stage-A,False,True,False,6.12398965920149,4.9274836,215,21.5,5.269294,0.30440807342529297,0.24459921,-0.14220782,0.27780166,0.9627906976744186,0.0,0.037209302325581395,0,0.0,True,False,False,False,0.20579843,False,172,-1,-1.0,False,False,Collision
EASY / OPEN_3,EASY / OPEN,Stage-A,True,False,False,5.637265605123043,1.1964235,302,30.200000000000003,6.9181266,0.3652225136756897,0.2285065,-0.15675247,0.32339916,0.956953642384106,0.0033112582781456954,0.039735099337748346,0,0.0,False,False,True,False,0.5617097,False,287,287,0.4493497610092163,True,True,Success
EASY / OPEN_4,EASY / OPEN,Stage-A,True,False,False,6.3009520966860295,1.1687763,514,51.400000000000006,9.160404,0.7789426445960999,0.013137819,-0.070266575,0.1329631,0.3852140077821012,0.6050583657587548,0.009727626459143969,0,0.0,False,False,False,False,0.0,False,-1,-1,-1.0,False,True,Success
EASY / OPEN_5,EASY / OPEN,Stage-A,True,False,False,5.53515620678069,1.1856176,250,25.0,6.420456,0.8782469034194946,0.2568184,-0.07868685,0.23281915,0.992,0.0,0.008,0,0.0,False,False,False,False,0.0,False,-1,-1,-1.0,False,True,Success
EASY / OPEN_6,EASY / OPEN,Stage-A,True,False,False,6.477223075288859,1.181019,258,25.8,7.089548,0.8764272928237915,0.2747891,0.040323928,0.16619954,1.0,0.0,0.0,0,0.0,False,False,False,False,0.0,False,-1,-1,-1.0,False,True,Success
EASY / OPEN_7,EASY / OPEN,Stage-A,True,False,False,6.565524927980266,1.1926651,254,25.400000000000002,6.080773,0.9278171062469482,0.23940048,-0.034824993,0.1514374,0.9921259842519685,0.0,0.007874015748031496,0,0.0,False,False,False,False,0.0,False,-1,-1,-1.0,False,True,Success
EASY / OPEN_8,EASY / OPEN,Stage-A,True,False,False,4.364662785060325,1.187826,274,27.400000000000002,6.8199754,0.5983456969261169,0.24862152,-0.020346802,0.2825269,0.9781021897810219,0.0,0.021897810218978103,0,0.0,False,False,False,False,0.0,False,-1,-1,-1.0,False,True,Success
EASY / OPEN_9,EASY / OPEN,Stage-A,True,False,False,4.217305433892203,1.1760147,243,24.3,5.7853365,0.7548131942749023,0.23807989,-0.11967686,0.33632275,0.9958847736625515,0.0,0.00411522633744856,0,0.0,False,False,False,False,0.0,False,-1,-1,-1.0,False,True,Success
EASY / OPEN_10,EASY / OPEN,Stage-A,True,False,False,6.711510929014312,1.1918211,546,54.6,9.697265,0.8464045524597168,0.016688697,-0.06176512,0.1286804,0.4010989010989011,0.5879120879120879,0.01098901098901099,0,0.0,False,False,False,False,0.0,False,-1,-1,-1.0,False,True,Success
EASY / OPEN_11,EASY / OPEN,Stage-A,True,False,False,5.321360167458141,1.1609845,226,22.6,4.7592506,0.7292640209197998,0.21058638,-0.1222032,0.20909229,0.9823008849557522,0.0,0.017699115044247787,0,0.0,False,False,False,False,0.0,False,-1,-1,-1.0,False,True,Success
EASY / OPEN_12,EASY / OPEN,Stage-A,False,True,False,4.88672409932348,1.2796589,257,25.700000000000003,5.845355,0.3001236915588379,0.22744592,-0.025827039,0.3645403,0.9961089494163424,0.0,0.0038910505836575876,0,0.0,False,False,False,False,0.370078,False,171,171,0.4463765323162079,True,False,Collision
EASY / OPEN_13,EASY / OPEN,Stage-A,True,False,False,4.328045537572764,1.1799858,192,19.200000000000003,3.8835676,0.6971737146377563,0.20226918,-0.17137551,0.23473305,0.96875,0.0,0.03125,0,0.0,False,False,False,False,0.0,False,-1,-1,-1.0,False,True,Success
EASY / OPEN_14,EASY / OPEN,Stage-A,False,True,False,4.670243380555228,7.960643,156,15.600000000000001,2.3554485,0.3004990220069885,0.15089682,-0.012150822,0.24734725,0.8653846153846154,0.0,0.1346153846153846,0,0.0,False,False,False,False,0.21960051,False,62,64,0.4284706115722656,True,False,Collision
EASY / OPEN_15,EASY / OPEN,Stage-A,True,False,False,5.416722803217775,1.185805,242,24.200000000000003,4.4942236,0.3031879961490631,0.1850658,-0.103044845,0.1885656,0.9669421487603306,0.0,0.03305785123966942,0,0.0,False,False,True,True,0.23559016,False,168,216,0.3214010000228882,True,True,Success
EASY / OPEN_16,EASY / OPEN,Stage-A,True,False,False,5.284805933609274,1.1932813,279,27.900000000000002,7.262792,0.3539969027042389,0.26031527,0.056666397,0.23651697,0.985663082437276,0.0,0.014336917562724014,0,0.0,False,False,True,False,0.24918893,False,44,45,0.4312978982925415,True,True,Success
EASY / OPEN_17,EASY / OPEN,Stage-A,True,False,False,2.0174757654019295,1.1912601,110,11.0,2.1666136,0.808754563331604,0.19652723,-0.36048064,0.36567417,0.9818181818181818,0.0,0.01818181818181818,0,0.0,False,False,False,False,0.0,False,-1,-1,-1.0,False,True,Success
EASY / OPEN_18,EASY / OPEN,Stage-A,False,True,False,5.155645087027826,3.7232285,392,39.2,7.7662554,0.30041810870170593,0.18600643,0.05975062,0.26109597,0.6862244897959183,0.012755102040816327,0.3010204081632653,0,0.0,False,False,False,False,0.29269916,False,162,166,0.42460304498672485,True,False,Collision
EASY / OPEN_19,EASY / OPEN,Stage-A,True,False,False,4.511558786930635,1.1492779,294,29.400000000000002,4.9141603,0.36620065569877625,0.082603835,0.011352203,0.16928224,0.6292517006802721,0.336734693877551,0.034013605442176874,0,0.0,False,False,True,False,0.1459768,False,169,-1,-1.0,False,True,Success
EASY / OPEN_20,EASY / OPEN,Stage-A,True,False,False,2.5008195259469628,1.1788567,127,12.700000000000001,2.6781876,0.8701900243759155,0.21068108,-0.2618445,0.35319537,0.9606299212598425,0.0,0.03937007874015748,0,0.0,False,False,False,False,0.0,False,-1,-1,-1.0,False,True,Success
EASY / OPEN_21,EASY / OPEN,Stage-A,False,True,False,7.758050331605054,9.3404665,180,18.0,3.9191155,0.3005031645298004,0.21772881,0.0052679335,0.20190857,0.95,0.0,0.05,0,0.0,True,False,False,False,0.3359016,False,138,149,0.31763553619384766,True,False,Collision
EASY / OPEN_22,EASY / OPEN,Stage-A,True,False,False,2.9355980432331172,1.186454,182,18.2,4.258576,0.5630812644958496,0.23398781,-0.12828492,0.32268578,0.9835164835164835,0.0,0.016483516483516484,0,0.0,False,False,False,False,0.0,False,-1,-1,-1.0,False,True,Success
EASY / OPEN_23,EASY / OPEN,Stage-A,True,False,False,7.36912463429191,1.1966864,291,29.1,7.066179,0.6407270431518555,0.24282402,-0.060033064,0.18967368,0.9965635738831615,0.0,0.003436426116838488,0,0.0,False,False,False,False,0.0,False,-1,-1,-1.0,False,True,Success
EASY / OPEN_24,EASY / OPEN,Stage-A,True,False,False,3.426578210005324,1.1893818,155,15.5,2.5470457,0.4855274558067322,0.16367842,-0.09041153,0.21055433,0.9290322580645162,0.0,0.07096774193548387,0,0.0,False,False,False,False,0.0,False,-1,-1,-1.0,False,True,Success
EASY / OPEN_25,EASY / OPEN,Stage-A,True,False,False,4.979072975355784,1.1498752,210,21.0,4.959879,0.7343044877052307,0.23618478,-0.09066415,0.2334716,0.9666666666666667,0.0,0.03333333333333333,0,0.0,False,False,False,False,0.0,False,-1,-1,-1.0,False,True,Success
EASY / OPEN_26,EASY / OPEN,Stage-A,True,False,False,5.175542505241767,1.1882215,219,21.900000000000002,4.648993,0.725425124168396,0.21228278,-0.105333544,0.22595046,0.9817351598173516,0.0,0.0182648401826484,0,0.0,False,False,False,False,0.0,False,-1,-1,-1.0,False,True,Success
EASY / OPEN_27,EASY / OPEN,Stage-A,False,True,False,3.4972149406202395,2.9798002,215,21.5,5.6115603,0.3004060983657837,0.26100308,0.2024413,0.30146962,1.0,0.0,0.0,0,0.0,False,False,False,False,0.6826045,False,171,171,0.44663143157958984,True,False,Collision
EASY / OPEN_28,EASY / OPEN,Stage-A,True,False,False,7.200161394363652,1.1770146,300,30.0,6.5932713,0.8006824254989624,0.2197758,-0.061482742,0.16828842,0.99,0.0,0.01,0,0.0,False,False,False,False,0.0,False,-1,-1,-1.0,False,True,Success
EASY / OPEN_29,EASY / OPEN,Stage-A,False,True,False,4.241100566466139,3.6886797,164,16.400000000000002,5.0517597,0.30169785022735596,0.30803442,0.060045544,0.15735647,0.9939024390243902,0.0,0.006097560975609756,0,0.0,False,False,False,False,0.17192335,False,139,146,0.3150152266025543,True,False,Collision
EASY / OPEN_30,EASY / OPEN,Stage-A,True,False,False,4.868054604964335,1.1920538,226,22.6,4.5539446,0.6389443278312683,0.20138392,-0.1630055,0.2458234,0.9778761061946902,0.0,0.022123893805309734,0,0.0,False,False,False,False,0.0,False,-1,-1,-1.0,False,True,Success
WALL-BLOCKED_1,WALL-BLOCKED,Stage-A,False,True,False,8.031530507497086,4.399853,345,34.5,8.677667,0.3018830120563507,0.25126544,-0.035044357,0.22478536,0.9768115942028985,0.0,0.02318840579710145,0,0.0,True,False,False,False,0.21725541,True,281,320,0.3018830120563507,True,False,Collision
WALL-BLOCKED_2,WALL-BLOCKED,Stage-A,False,True,False,6.615516411693537,1.2542658,357,35.7,6.0576024,0.30157458782196045,0.13101342,-0.03980534,0.24101768,0.8487394957983193,0.1400560224089636,0.011204481792717087,0,0.0,False,False,False,False,0.38107908,True,143,146,0.4261775016784668,True,False,Collision
WALL-BLOCKED_3,WALL-BLOCKED,Stage-A,False,True,False,7.079107274118698,2.2182589,372,37.2,8.12824,0.3012546896934509,0.18542588,-0.09259294,0.3034332,0.9005376344086021,0.08602150537634409,0.013440860215053764,0,0.0,False,False,False,False,0.36228055,True,303,332,0.34088262915611267,True,False,Collision
WALL-BLOCKED_4,WALL-BLOCKED,Stage-A,True,False,False,6.039485459503695,1.1879083,423,42.300000000000004,8.176502,0.3917901813983917,0.18907608,-0.09294562,0.22368707,0.9621749408983451,0.02364066193853428,0.014184397163120567,0,0.0,False,False,True,False,0.25566927,True,285,285,0.43219637870788574,True,True,Success
WALL-BLOCKED_5,WALL-BLOCKED,Stage-A,False,True,False,6.33154302960143,5.4427543,284,28.400000000000002,7.3333673,0.3005068004131317,0.25819817,-0.021934038,0.27574646,0.9647887323943662,0.0,0.035211267605633804,0,0.0,False,False,False,False,0.47509757,True,240,243,0.3443690538406372,True,False,Collision
WALL-BLOCKED_6,WALL-BLOCKED,Stage-A,True,False,False,4.095278463228152,1.1869057,579,57.900000000000006,9.314227,0.4610159397125244,0.101806216,-0.14711003,0.21246731,0.697754749568221,0.2763385146804836,0.025906735751295335,0,0.0,False,False,False,False,0.0,True,-1,-1,-1.0,False,True,Success
WALL-BLOCKED_7,WALL-BLOCKED,Stage-A,False,False,True,3.8491031903995876,1.2007238,800,80.0,5.941929,0.8677208423614502,-0.07427411,0.00023506557,0.03901363,0.0,1.0,0.0,0,0.0,False,False,False,False,0.0,True,-1,-1,-1.0,False,False,Timeout
WALL-BLOCKED_8,WALL-BLOCKED,Stage-A,True,False,False,6.979211350179971,1.1890593,347,34.7,6.576909,0.3010008931159973,0.18932341,-0.06782669,0.18545148,0.9711815561959655,0.0,0.02881844380403458,0,0.0,False,False,True,True,0.21959764,True,168,171,0.4049326777458191,True,True,Success
WALL-BLOCKED_9,WALL-BLOCKED,Stage-A,False,True,False,6.83274119403462,8.535467,281,28.1,6.0063205,0.3005397319793701,0.2107938,-0.02649938,0.26831037,0.8398576512455516,0.017793594306049824,0.1423487544483986,0,0.0,False,False,False,False,0.29192147,True,196,196,0.4279109835624695,True,False,Collision
WALL-BLOCKED_10,WALL-BLOCKED,Stage-A,True,False,False,3.188467156911748,1.1852695,320,32.0,7.171636,0.30027660727500916,0.22335246,-1.0693586e-05,0.21880245,0.940625,0.0,0.059375,0,0.0,False,False,True,True,0.25081533,True,189,201,0.30194345116615295,True,True,Success
WALL-BLOCKED_11,WALL-BLOCKED,Stage-A,False,False,True,6.50314896268997,10.05052,800,80.0,8.3687935,0.8641996383666992,-0.10460977,-0.002620746,0.039208815,0.0,1.0,0.0,0,0.0,False,False,False,False,0.0,True,-1,-1,-1.0,False,False,Timeout
WALL-BLOCKED_12,WALL-BLOCKED,Stage-A,True,False,False,6.669950496595618,1.1985288,305,30.5,5.9065757,0.3302384614944458,0.19354004,-0.09404759,0.17204544,0.9672131147540983,0.0,0.03278688524590164,0,0.0,False,False,True,True,0.2343223,True,170,179,0.35474684834480286,True,True,Success
WALL-BLOCKED_13,WALL-BLOCKED,Stage-A,True,False,False,6.7838269911256805,1.1866219,298,29.8,7.549321,0.574142575263977,0.2320346,-0.09760275,0.23991255,0.9228187919463087,0.06040268456375839,0.016778523489932886,0,0.0,False,False,False,False,0.0,True,-1,-1,-1.0,False,True,Success
WALL-BLOCKED_14,WALL-BLOCKED,Stage-A,True,False,False,7.059453387241026,1.1631272,518,51.800000000000004,9.4847145,0.3933156728744507,0.14527099,-0.05457151,0.16800594,0.7741312741312741,0.2084942084942085,0.017374517374517374,0,0.0,False,False,True,False,0.13098903,True,332,344,0.4177704453468323,True,True,Success
WALL-BLOCKED_15,WALL-BLOCKED,Stage-A,False,True,False,7.161988319084942,10.221023,284,28.400000000000002,5.722161,0.3000098466873169,0.1924246,0.0005926363,0.2671067,0.7676056338028169,0.045774647887323945,0.18661971830985916,0,0.0,False,False,False,False,0.31085846,True,181,185,0.3555104732513428,True,False,Collision
WALL-BLOCKED_16,WALL-BLOCKED,Stage-A,True,False,False,2.934122900182789,1.1790679,354,35.4,7.889501,0.3003481924533844,0.22208555,0.08754928,0.26833934,0.9491525423728814,0.0,0.05084745762711865,0,0.0,False,False,True,True,0.23389986,True,189,191,0.4211406111717224,True,True,Success
WALL-BLOCKED_17,WALL-BLOCKED,Stage-A,False,True,False,5.862310116315263,7.0879984,258,25.8,5.5362234,0.3000640273094177,0.21227273,-0.021649387,0.26720327,0.8565891472868217,0.011627906976744186,0.13178294573643412,0,0.0,False,False,False,False,0.3322168,True,184,185,0.4243568778038025,True,False,Collision
WALL-BLOCKED_18,WALL-BLOCKED,Stage-A,True,False,False,7.514260529966882,1.1886481,375,37.5,7.5004163,0.3023908734321594,0.19942078,-0.03031113,0.18890652,0.9706666666666667,0.0026666666666666666,0.02666666666666667,0,0.0,False,False,True,True,0.22904204,True,169,176,0.3641657829284668,True,True,Success
WALL-BLOCKED_19,WALL-BLOCKED,Stage-A,False,True,False,2.9237472983097392,1.5365227,376,37.6,7.561475,0.30141130089759827,0.19724678,0.16842516,0.34102228,0.8297872340425532,0.013297872340425532,0.15691489361702127,6,0.015957446808510637,False,False,False,False,0.2995216,True,77,77,0.44048362970352173,True,False,Collision
WALL-BLOCKED_20,WALL-BLOCKED,Stage-A,True,False,False,6.314218082365858,1.1648482,437,43.7,9.590811,0.3009003698825836,0.21946941,-0.034245845,0.20449841,0.9816933638443935,0.0,0.018306636155606407,0,0.0,False,False,True,True,0.18938129,True,220,230,0.30552399158477783,True,True,Success
WALL-BLOCKED_21,WALL-BLOCKED,Stage-A,False,True,False,6.956311720920505,12.0,319,31.900000000000002,4.4363666,0.5838040709495544,-0.13907106,-0.020811344,0.093972065,0.0,1.0,0.0,0,0.0,False,False,False,False,0.0,True,-1,-1,-1.0,False,False,Collision
WALL-BLOCKED_22,WALL-BLOCKED,Stage-A,False,True,False,5.645981228988503,1.240314,373,37.300000000000004,6.436741,0.301040381193161,0.16333029,0.14726283,0.31713122,0.7721179624664879,0.03753351206434316,0.1903485254691689,0,0.0,False,False,False,False,0.4219764,True,197,210,0.3030479848384857,True,False,Collision
WALL-BLOCKED_23,WALL-BLOCKED,Stage-A,True,False,False,3.360907938130567,1.1672933,238,23.8,4.340653,0.3003958463668823,0.18238044,-0.028254922,0.21908662,0.9957983193277311,0.0,0.004201680672268907,0,0.0,False,False,True,True,0.17713885,True,62,83,0.35556522011756897,True,True,Success
WALL-BLOCKED_24,WALL-BLOCKED,Stage-A,False,True,False,5.683294785329879,5.370555,352,35.2,6.749696,0.3000808656215668,0.12037832,0.07529459,0.12937711,0.6022727272727273,0.39488636363636365,0.002840909090909091,0,0.0,True,False,False,False,0.21288215,True,309,323,0.3044739365577698,True,False,Collision
WALL-BLOCKED_25,WALL-BLOCKED,Stage-A,True,False,False,3.8925426289368716,1.1976792,476,47.6,8.556965,0.41653645038604736,0.14337854,0.042741247,0.23132508,0.842436974789916,0.1407563025210084,0.01680672268907563,0,0.0,False,False,True,False,0.17248383,True,310,310,0.42421138286590576,True,True,Success
WALL-BLOCKED_26,WALL-BLOCKED,Stage-A,False,True,False,6.493275904419865,5.322742,296,29.6,7.71022,0.30106645822525024,0.2602218,-0.026991673,0.275916,0.9831081081081081,0.0,0.016891891891891893,0,0.0,False,False,False,False,0.50042796,True,251,254,0.35339707136154175,True,False,Collision
WALL-BLOCKED_27,WALL-BLOCKED,Stage-A,True,False,False,6.876797236444674,1.163617,286,28.6,6.7641273,0.903558075428009,0.23645972,-0.09136251,0.19299215,0.9825174825174825,0.0,0.017482517482517484,0,0.0,False,False,False,False,0.0,True,-1,-1,-1.0,False,True,Success
WALL-BLOCKED_28,WALL-BLOCKED,Stage-A,False,False,True,3.906375526996915,6.1651716,800,80.0,13.609346,0.3002122938632965,0.03881286,0.13111462,0.1896919,0.35625,0.59375,0.05,8,0.01,False,False,False,False,0.2822111,True,382,382,0.4372452199459076,True,False,Timeout
WALL-BLOCKED_29,WALL-BLOCKED,Stage-A,True,False,False,6.6441648901500265,1.1922407,397,39.7,9.161231,0.45995795726776123,0.23075622,-0.011681044,0.21343839,0.9924433249370277,0.0,0.007556675062972292,0,0.0,False,False,False,False,0.0,True,-1,-1,-1.0,False,True,Success
WALL-BLOCKED_30,WALL-BLOCKED,Stage-A,True,False,False,3.9688091620432733,1.1439412,575,57.5,8.910813,0.3954746127128601,8.432891e-05,-0.14595488,0.16237253,0.4121739130434783,0.5808695652173913,0.006956521739130435,0,0.0,False,False,True,False,0.9489595,True,540,540,0.4286097288131714,True,True,Success
COMPLEX OBSTACLE_1,COMPLEX OBSTACLE,Stage-A,False,True,False,7.469207007360053,1.2110084,284,28.400000000000002,6.0710583,0.3003898561000824,0.20991428,0.009403401,0.23488012,0.8697183098591549,0.007042253521126761,0.12323943661971831,0,0.0,False,False,False,False,0.2635337,True,210,220,0.3073771297931671,True,False,Collision
COMPLEX OBSTACLE_2,COMPLEX OBSTACLE,Stage-A,False,True,False,7.2804115316667275,2.8895757,336,33.6,8.57161,0.30273503065109253,0.25484592,-0.031549916,0.23814452,0.9761904761904762,0.0,0.023809523809523808,0,0.0,True,False,False,False,0.26910856,True,174,175,0.4354967474937439,True,False,Collision
COMPLEX OBSTACLE_3,COMPLEX OBSTACLE,Stage-A,True,False,False,5.142704932113206,1.2058764,309,30.900000000000002,5.808181,0.30036279559135437,0.18772261,-0.25797963,0.40904346,0.970873786407767,0.0,0.02912621359223301,0,0.0,False,False,True,True,0.5585322,True,43,44,0.42262113094329834,True,True,Success
COMPLEX OBSTACLE_4,COMPLEX OBSTACLE,Stage-A,False,True,False,7.193320387186638,3.667737,327,32.7,5.9219117,0.300886869430542,0.17395388,0.06768298,0.25049496,0.7889908256880734,0.024464831804281346,0.18654434250764526,0,0.0,False,False,False,False,0.3710995,True,236,245,0.3208320140838623,True,False,Collision
COMPLEX OBSTACLE_5,COMPLEX OBSTACLE,Stage-A,True,False,False,6.802798748996336,1.1886797,340,34.0,7.218032,0.3006191551685333,0.21159469,-0.18059282,0.27642888,0.9735294117647059,0.0,0.026470588235294117,0,0.0,False,False,True,True,0.3889843,True,195,195,0.43858450651168823,True,True,Success
COMPLEX OBSTACLE_6,COMPLEX OBSTACLE,Stage-A,False,True,False,6.571595773509212,2.8082976,486,48.6,9.079529,0.30010613799095154,0.16482428,-0.19688527,0.3388125,0.8765432098765432,0.06584362139917696,0.05761316872427984,0,0.0,False,False,False,False,0.5480771,True,334,364,0.3375319242477417,True,False,Collision
COMPLEX OBSTACLE_7,COMPLEX OBSTACLE,Stage-A,True,False,False,3.9393741757938088,1.1565922,204,20.400000000000002,4.940707,0.5297470092773438,0.24163775,-0.004638364,0.21067291,0.9803921568627451,0.0,0.0196078431372549,0,0.0,False,False,False,False,0.0,True,-1,-1,-1.0,False,True,Success
COMPLEX OBSTACLE_8,COMPLEX OBSTACLE,Stage-A,False,True,False,3.8502317259254264,3.9240422,282,28.200000000000003,6.7422295,0.30132371187210083,0.22763465,0.17434804,0.22954275,0.8936170212765957,0.05319148936170213,0.05319148936170213,0,0.0,False,False,False,False,0.42739373,True,220,220,0.43910902738571167,True,False,Collision
COMPLEX OBSTACLE_9,COMPLEX OBSTACLE,Stage-A,False,True,False,7.469942469316514,1.2237076,365,36.5,6.0851836,0.3000943064689636,0.12151026,-0.027354501,0.23903371,0.7972602739726027,0.18356164383561643,0.019178082191780823,0,0.0,False,False,False,False,0.42877853,True,156,318,0.3194938600063324,True,False,Collision
COMPLEX OBSTACLE_10,COMPLEX OBSTACLE,Stage-A,True,False,False,4.2328235428270355,1.1812553,244,24.400000000000002,5.474851,0.3000091314315796,0.2240533,-0.064009584,0.26656353,0.9877049180327869,0.0,0.012295081967213115,0,0.0,False,False,True,True,0.3900051,True,16,21,0.3401448726654053,True,True,Success
COMPLEX OBSTACLE_11,COMPLEX OBSTACLE,Stage-A,False,True,False,8.013067729532299,3.0264525,326,32.6,8.721528,0.3006904423236847,0.2675319,0.055296015,0.12809326,1.0,0.0,0.0,0,0.0,True,False,False,False,0.081890196,True,277,-1,-1.0,False,False,Collision
COMPLEX OBSTACLE_12,COMPLEX OBSTACLE,Stage-A,False,True,False,9.012454867061201,1.2408412,252,25.200000000000003,4.3704963,0.30139899253845215,0.17296685,-0.10494742,0.22576287,0.9642857142857143,0.0,0.03571428571428571,0,0.0,False,False,False,False,0.31467938,True,165,166,0.430830717086792,True,False,Collision
COMPLEX OBSTACLE_13,COMPLEX OBSTACLE,Stage-A,False,True,False,7.032752663057466,5.617393,247,24.700000000000003,6.1435266,0.3000609278678894,0.24872583,-0.16729915,0.2461635,0.9959514170040485,0.0,0.004048582995951417,0,0.0,False,False,False,False,0.39214158,True,135,148,0.4311665892601013,True,False,Collision
COMPLEX OBSTACLE_14,COMPLEX OBSTACLE,Stage-A,True,False,False,6.475680828573462,1.2002723,391,39.1,7.8993807,0.30669787526130676,0.20203017,-0.075417235,0.23993981,0.9820971867007673,0.0,0.017902813299232736,0,0.0,False,False,True,True,0.13858056,True,210,210,0.4420499801635742,True,True,Success
COMPLEX OBSTACLE_15,COMPLEX OBSTACLE,Stage-A,False,True,False,7.132713949769165,5.315754,475,47.5,8.378606,0.3000936806201935,0.053017687,-0.04890682,0.17463326,0.5368421052631579,0.4,0.06315789473684211,0,0.0,True,False,False,False,0.26108393,True,385,426,0.325099915266037,True,False,Collision
COMPLEX OBSTACLE_16,COMPLEX OBSTACLE,Stage-A,False,False,True,6.392603904267082,1.2358174,800,80.0,6.3556676,0.918239414691925,-0.07944586,-0.077016614,0.0843569,0.0,0.98375,0.01625,0,0.0,False,False,False,False,0.0,True,-1,-1,-1.0,False,False,Timeout
COMPLEX OBSTACLE_17,COMPLEX OBSTACLE,Stage-A,False,False,True,7.366521338410173,12.0,800,80.0,10.473332,0.818871021270752,-0.07009492,-0.007199754,0.14713669,0.125,0.8225,0.0525,0,0.0,False,False,False,False,0.0,True,-1,-1,-1.0,False,False,Timeout
COMPLEX OBSTACLE_18,COMPLEX OBSTACLE,Stage-A,False,True,False,6.456127640736206,1.2082511,285,28.5,5.839014,0.30029433965682983,0.20478097,0.08672875,0.31396016,0.8315789473684211,0.0,0.16842105263157894,0,0.0,False,False,False,False,0.48760363,True,219,226,0.31057897210121155,True,False,Collision
COMPLEX OBSTACLE_19,COMPLEX OBSTACLE,Stage-A,False,True,False,8.190315604424296,12.0,310,31.0,4.27392,0.5833836793899536,-0.13786842,-0.021057455,0.09907155,0.0,1.0,0.0,0,0.0,False,False,False,False,0.0,True,-1,-1,-1.0,False,False,Collision
COMPLEX OBSTACLE_20,COMPLEX OBSTACLE,Stage-A,False,True,False,8.49199131060584,1.2069087,368,36.800000000000004,5.3668976,0.3006446957588196,0.14338803,-0.22083724,0.30867845,0.8233695652173914,0.0,0.1766304347826087,0,0.0,False,False,False,False,0.42196566,True,166,168,0.39089518785476685,True,False,Collision
COMPLEX OBSTACLE_21,COMPLEX OBSTACLE,Stage-A,False,True,False,5.042751077707575,1.2047825,325,32.5,5.9953833,0.3013591766357422,0.16603698,-0.17165709,0.29936236,0.9015384615384615,0.07384615384615385,0.024615384615384615,0,0.0,False,False,False,False,0.47112888,True,274,282,0.30765166878700256,True,False,Collision
COMPLEX OBSTACLE_22,COMPLEX OBSTACLE,Stage-A,False,False,True,7.517688526993542,9.344985,800,80.0,5.9567003,0.30006587505340576,0.052775804,0.13833916,0.22666427,0.22875,0.0,0.77125,0,0.0,False,False,False,False,0.2168457,True,150,179,0.3016357719898224,True,False,Timeout
COMPLEX OBSTACLE_23,COMPLEX OBSTACLE,Stage-A,False,True,False,7.076402936488265,1.2375277,255,25.5,4.4577794,0.30011096596717834,0.17481488,-0.08582793,0.2172554,0.9686274509803922,0.0,0.03137254901960784,0,0.0,False,False,False,False,0.29887852,True,161,162,0.4214518070220947,True,False,Collision
COMPLEX OBSTACLE_24,COMPLEX OBSTACLE,Stage-A,False,False,True,3.7300005207405342,7.0260277,800,80.0,8.3673315,0.7939759492874146,-0.0833426,-0.008768325,0.09186735,0.0775,0.785,0.1375,0,0.0,False,False,False,False,0.0,True,-1,-1,-1.0,False,False,Timeout
COMPLEX OBSTACLE_25,COMPLEX OBSTACLE,Stage-A,True,False,False,9.165809680820194,1.1880876,437,43.7,8.196132,0.3416440188884735,0.18723693,-0.05888758,0.16268018,0.965675057208238,0.0,0.034324942791762014,0,0.0,False,False,True,True,0.24960081,True,168,177,0.35688918828964233,True,True,Success
COMPLEX OBSTACLE_26,COMPLEX OBSTACLE,Stage-A,False,False,True,5.714905632926805,3.8333445,800,80.0,14.569859,0.30001550912857056,0.06901753,0.05839,0.13885617,0.45875,0.46375,0.0775,0,0.0,False,False,False,False,0.27507827,True,587,593,0.3330313265323639,True,False,Timeout
COMPLEX OBSTACLE_27,COMPLEX OBSTACLE,Stage-A,True,False,False,7.340380764896453,1.1715174,384,38.400000000000006,7.971583,0.30213627219200134,0.20751368,-0.06345836,0.19677727,0.9609375,0.0,0.0390625,0,0.0,False,False,True,True,0.2457313,True,199,206,0.38825172185897827,True,True,Success
COMPLEX OBSTACLE_28,COMPLEX OBSTACLE,Stage-A,True,False,False,6.168810446289273,1.1769723,323,32.300000000000004,7.686275,0.3036372661590576,0.23796538,0.068735614,0.23795584,0.9969040247678018,0.0,0.0030959752321981426,0,0.0,False,False,True,True,0.17366825,True,139,163,0.41739338636398315,True,True,Success
COMPLEX OBSTACLE_29,COMPLEX OBSTACLE,Stage-A,True,False,False,5.348364123222155,1.2094237,427,42.7,7.7969313,0.30025628209114075,0.144692,0.07082451,0.20579351,0.8454332552693209,0.1405152224824356,0.01405152224824356,0,0.0,False,False,True,True,0.22917268,True,135,165,0.30964764952659607,True,True,Success
COMPLEX OBSTACLE_30,COMPLEX OBSTACLE,Stage-A,False,False,True,3.9536941623341995,9.829071,800,80.0,5.183626,0.7973443269729614,-0.06478941,-0.00070790865,0.0022753007,0.0,0.9925,0.0075,0,0.0,False,False,False,False,0.0,True,-1,-1,-1.0,False,False,Timeout
TOP_LEFT_1,TOP_LEFT,Stage-A,False,True,False,8.087984826760298,1.2017561,383,38.300000000000004,6.0404453,0.3000507354736328,0.112162694,-0.06864938,0.23338094,0.7571801566579635,0.19321148825065274,0.04960835509138381,0,0.0,False,False,False,False,0.43639413,True,171,318,0.30228665471076965,True,False,Collision
TOP_LEFT_2,TOP_LEFT,Stage-A,False,True,False,4.911520644563392,1.2137909,328,32.800000000000004,6.24761,0.3019854426383972,0.19047597,-0.1640007,0.27830786,0.9969512195121951,0.0,0.003048780487804878,0,0.0,False,False,False,False,0.45554265,True,280,289,0.30390051007270813,True,False,Collision
TOP_LEFT_3,TOP_LEFT,Stage-A,False,True,False,5.347241529139723,4.726069,453,45.300000000000004,7.5435815,0.30168789625167847,0.025297169,-0.09670378,0.154457,0.5121412803532008,0.4878587196467991,0.0,0,0.0,True,False,False,False,0.21833256,True,406,413,0.31076478958129883,True,False,Collision
TOP_LEFT_4,TOP_LEFT,Stage-A,False,True,False,7.65773134703719,1.2358888,287,28.700000000000003,5.185627,0.3017066419124603,0.18068385,-0.060213167,0.21969894,0.9930313588850174,0.0,0.006968641114982578,0,0.0,False,False,False,False,0.32604247,True,80,88,0.363904744386673,True,False,Collision
TOP_LEFT_5,TOP_LEFT,Stage-A,False,True,False,6.238253145957749,7.0685997,428,42.800000000000004,7.4992123,0.30081841349601746,0.027395949,-0.09508187,0.17838898,0.48598130841121495,0.5116822429906542,0.002336448598130841,0,0.0,False,False,False,False,0.20586018,True,284,387,0.36195313930511475,True,False,Collision
TOP_LEFT_6,TOP_LEFT,Stage-A,True,False,False,4.95194829050726,1.1865137,384,38.400000000000006,6.9862604,0.35687342286109924,0.16146654,-0.11388453,0.26560178,0.8958333333333334,0.078125,0.026041666666666668,0,0.0,False,False,True,False,0.26930097,True,299,299,0.4403438866138458,True,True,Success
TOP_LEFT_7,TOP_LEFT,Stage-A,False,True,False,7.964748214816738,12.0,346,34.6,4.4820576,0.6964755058288574,-0.12953922,-0.042719983,0.08116869,0.0,1.0,0.0,0,0.0,False,False,False,False,0.0,True,-1,-1,-1.0,False,False,Collision
TOP_LEFT_8,TOP_LEFT,Stage-A,True,False,False,5.180895151469221,1.1700208,396,39.6,7.638081,0.3040618598461151,0.18139751,-0.07457522,0.23889345,0.9368686868686869,0.050505050505050504,0.012626262626262626,0,0.0,False,False,True,True,0.26059657,True,278,281,0.37393492460250854,True,True,Success
TOP_LEFT_9,TOP_LEFT,Stage-A,True,False,False,3.420116531966094,1.1975437,408,40.800000000000004,6.826538,0.3997167944908142,0.011691874,-0.13033123,0.14913614,0.4632352941176471,0.5367647058823529,0.0,0,0.0,False,False,True,False,0.07915647,True,308,312,0.4180194139480591,True,True,Success
TOP_LEFT_10,TOP_LEFT,Stage-A,True,False,False,5.948869084391419,1.1767077,408,40.800000000000004,7.961705,0.38427698612213135,0.19511902,-0.091541834,0.22652538,0.9901960784313726,0.0,0.00980392156862745,0,0.0,False,False,True,False,0.20039362,True,270,270,0.43975716829299927,True,True,Success
TOP_RIGHT_1,TOP_RIGHT,Stage-A,False,True,False,5.657276802021057,9.5679655,165,16.5,4.271493,0.301903635263443,0.25849512,0.113171354,0.17601952,0.8424242424242424,0.0,0.15757575757575756,0,0.0,False,False,False,False,0.29951188,True,124,124,0.43560296297073364,True,False,Collision
TOP_RIGHT_2,TOP_RIGHT,Stage-A,True,False,False,5.477881239163152,1.1920735,315,31.5,6.790933,0.3407176733016968,0.21558519,-0.07592907,0.24992552,0.9841269841269841,0.0,0.015873015873015872,0,0.0,False,False,True,True,0.12997034,True,211,228,0.3700141906738281,True,True,Success
TOP_RIGHT_3,TOP_RIGHT,Stage-A,True,False,False,7.6698277954531004,1.1783993,298,29.8,8.115696,0.7171562910079956,0.27233914,0.034440845,0.14167304,1.0,0.0,0.0,0,0.0,False,False,False,False,0.0,True,-1,-1,-1.0,False,True,Success
TOP_RIGHT_4,TOP_RIGHT,Stage-A,True,False,False,5.1585589952252855,1.1880817,285,28.5,6.5206122,0.3951428532600403,0.22836085,-0.059268966,0.22210318,0.9543859649122807,0.0,0.0456140350877193,0,0.0,False,False,True,False,0.09790118,True,214,-1,-1.0,False,True,Success
TOP_RIGHT_5,TOP_RIGHT,Stage-A,False,True,False,8.205965231714119,5.0329103,301,30.1,8.381975,0.30231544375419617,0.27847135,0.077346586,0.14751872,0.9966777408637874,0.0,0.0033222591362126247,0,0.0,True,False,False,False,0.23837224,True,257,272,0.30439698696136475,True,False,Collision
TOP_RIGHT_6,TOP_RIGHT,Stage-A,True,False,False,6.460617349232938,1.1888578,356,35.6,7.618937,0.41518932580947876,0.21401508,-0.069826305,0.19860004,0.9887640449438202,0.0,0.011235955056179775,0,0.0,False,False,True,False,0.057965003,True,207,-1,-1.0,False,True,Success
TOP_RIGHT_7,TOP_RIGHT,Stage-A,False,True,False,5.834426152895505,5.0311666,266,26.6,7.248541,0.30003494024276733,0.27250177,0.12257649,0.20454136,0.9924812030075187,0.0,0.007518796992481203,0,0.0,False,False,False,False,0.34010315,True,131,153,0.3178062438964844,True,False,Collision
TOP_RIGHT_8,TOP_RIGHT,Stage-A,True,False,False,7.055516775672517,1.1904622,500,50.0,9.525855,0.30009081959724426,0.17590524,-0.017108928,0.2127915,0.88,0.08,0.04,0,0.0,False,False,True,True,0.33027193,True,268,271,0.42661815881729126,True,True,Success
TOP_RIGHT_9,TOP_RIGHT,Stage-A,False,True,False,6.938621840362836,8.746846,197,19.700000000000003,4.892714,0.30451953411102295,0.24730457,0.10234971,0.1888179,0.934010152284264,0.0,0.06598984771573604,0,0.0,True,False,False,False,0.2605792,True,156,162,0.33703136444091797,True,False,Collision
TOP_RIGHT_10,TOP_RIGHT,Stage-A,True,False,False,6.7653507887467885,1.1932265,366,36.6,8.15125,0.40029531717300415,0.22271168,-0.06518025,0.19915545,0.9863387978142076,0.0,0.01366120218579235,0,0.0,False,False,True,False,0.06966067,True,212,-1,-1.0,False,True,Success
BOTTOM_LEFT_1,BOTTOM_LEFT,Stage-A,True,False,False,4.529803246777972,1.1539059,279,27.900000000000002,7.3369236,0.5086667537689209,0.26263914,-0.01466029,0.29169828,0.9605734767025089,0.0,0.03942652329749104,0,0.0,False,False,False,False,0.0,False,-1,-1,-1.0,False,True,Success
BOTTOM_LEFT_2,BOTTOM_LEFT,Stage-A,True,False,False,8.465336785913925,1.1789927,445,44.5,8.818327,0.3020564615726471,0.19816479,-0.15410389,0.22811013,0.9797752808988764,0.0,0.020224719101123594,0,0.0,False,False,True,True,0.17777237,True,194,195,0.4240933656692505,True,True,Success
BOTTOM_LEFT_3,BOTTOM_LEFT,Stage-A,False,True,False,6.00739359781193,5.515751,209,20.900000000000002,5.1337385,0.30329036712646484,0.24500334,-0.13412225,0.29309523,0.8373205741626795,0.004784688995215311,0.15789473684210525,0,0.0,True,False,False,False,0.28149632,False,170,181,0.368106871843338,True,False,Collision
BOTTOM_LEFT_4,BOTTOM_LEFT,Stage-A,False,True,False,7.960226954864958,1.2207028,300,30.0,5.1191554,0.3001725375652313,0.15703009,-0.09865191,0.26775122,0.7666666666666667,0.023333333333333334,0.21,0,0.0,False,False,False,False,0.2275913,True,188,198,0.34712761640548706,True,False,Collision
BOTTOM_LEFT_5,BOTTOM_LEFT,Stage-A,False,True,False,7.6150164330531664,1.4589291,290,29.0,5.019795,0.30013853311538696,0.1435107,0.03968218,0.29818875,0.6482758620689655,0.1896551724137931,0.16206896551724137,0,0.0,False,False,False,False,0.3915673,False,180,185,0.3178330659866333,True,False,Collision
BOTTOM_LEFT_6,BOTTOM_LEFT,Stage-A,False,True,False,6.176967516473907,1.2312958,222,22.200000000000003,4.934379,0.3009391725063324,0.22226948,-0.21826755,0.28715926,0.9774774774774775,0.0,0.02252252252252252,0,0.0,False,False,False,False,0.20799303,True,190,202,0.3324711322784424,True,False,Collision
BOTTOM_LEFT_7,BOTTOM_LEFT,Stage-A,False,True,False,6.588484798438648,8.384677,254,25.400000000000002,5.6854925,0.30016112327575684,0.22045484,-0.043695096,0.25029033,0.9212598425196851,0.023622047244094488,0.05511811023622047,0,0.0,False,False,False,False,0.28336495,True,189,189,0.43677783012390137,True,False,Collision
BOTTOM_LEFT_8,BOTTOM_LEFT,Stage-A,True,False,False,7.258398681078233,1.1981311,381,38.1,8.039581,0.3002271354198456,0.21087794,0.013524428,0.22881044,0.984251968503937,0.0,0.015748031496062992,0,0.0,False,False,True,True,0.39403,True,163,173,0.3081554174423218,True,True,Success
BOTTOM_LEFT_9,BOTTOM_LEFT,Stage-A,False,True,False,8.432833357194031,5.36016,353,35.300000000000004,8.93603,0.3010108768939972,0.25296414,-0.031987358,0.21567412,0.9773371104815864,0.0,0.0226628895184136,0,0.0,True,False,False,False,0.20499638,True,281,328,0.3231702446937561,True,False,Collision
BOTTOM_LEFT_10,BOTTOM_LEFT,Stage-A,True,False,False,4.976173469321714,1.1948171,254,25.400000000000002,6.173924,0.46041619777679443,0.24306819,-0.16626775,0.2853959,0.9881889763779528,0.0,0.011811023622047244,0,0.0,False,False,False,False,0.0,False,-1,-1,-1.0,False,True,Success
BOTTOM_RIGHT_1,BOTTOM_RIGHT,Stage-A,True,False,False,3.3142323690184345,1.1916004,202,20.200000000000003,4.5218773,0.3653624951839447,0.22385536,0.035324518,0.27717948,0.995049504950495,0.0,0.0049504950495049506,0,0.0,False,False,True,False,0.18699008,False,59,64,0.39785662293434143,True,True,Success
BOTTOM_RIGHT_2,BOTTOM_RIGHT,Stage-A,False,True,False,7.394564664810657,1.2504256,152,15.200000000000001,1.9464277,0.30006229877471924,0.09912257,-0.09080877,0.51140064,0.6513157894736842,0.17105263157894737,0.17763157894736842,10,0.06578947368421052,False,False,False,False,0.50041443,True,51,51,0.4107208549976349,True,False,Collision
BOTTOM_RIGHT_3,BOTTOM_RIGHT,Stage-A,True,False,False,5.399958197809888,1.1973698,189,18.900000000000002,4.9389663,0.5375136137008667,0.26132113,0.005930883,0.15555052,0.9947089947089947,0.0,0.005291005291005291,0,0.0,False,False,False,False,0.0,False,-1,-1,-1.0,False,True,Success
BOTTOM_RIGHT_4,BOTTOM_RIGHT,Stage-A,True,False,False,6.968203125913328,1.1840248,366,36.6,7.102958,0.30145201086997986,0.1937695,-0.02671929,0.20099755,0.9754098360655737,0.0,0.02459016393442623,0,0.0,False,False,True,True,0.26151672,False,167,209,0.38929498195648193,True,True,Success
BOTTOM_RIGHT_5,BOTTOM_RIGHT,Stage-A,False,True,False,6.85537001578143,7.179558,182,18.2,3.9828255,0.30481016635894775,0.21883671,0.007725134,0.21587671,0.9945054945054945,0.0,0.005494505494505495,0,0.0,True,False,False,False,0.34838793,False,138,147,0.3729570209980011,True,False,Collision
BOTTOM_RIGHT_6,BOTTOM_RIGHT,Stage-A,True,False,False,7.211465396942566,1.1799617,286,28.6,6.1551147,0.860805869102478,0.21517669,-0.05126234,0.14800467,0.9895104895104895,0.0,0.01048951048951049,0,0.0,False,False,False,False,0.0,False,-1,-1,-1.0,False,True,Success
BOTTOM_RIGHT_7,BOTTOM_RIGHT,Stage-A,False,True,False,5.605283427363893,3.8941433,249,24.900000000000002,4.5234876,0.3001668155193329,0.18166625,0.08196891,0.22922066,0.8995983935742972,0.0,0.10040160642570281,0,0.0,True,False,False,False,0.31351766,False,142,148,0.38408660888671875,True,False,Collision
BOTTOM_RIGHT_8,BOTTOM_RIGHT,Stage-A,True,False,False,5.402411342892908,1.1678435,243,24.3,4.572034,0.3004506528377533,0.18676315,-0.11913229,0.20557538,0.9588477366255144,0.00411522633744856,0.037037037037037035,0,0.0,False,False,True,True,0.226344,False,172,221,0.31934887170791626,True,True,Success
BOTTOM_RIGHT_9,BOTTOM_RIGHT,Stage-A,False,True,False,6.186932525634455,5.1320324,302,30.200000000000003,6.214824,0.30020102858543396,0.19912796,0.027345443,0.2064644,0.8013245033112583,0.0033112582781456954,0.19536423841059603,0,0.0,True,False,False,False,0.24553378,True,224,224,0.44054877758026123,True,False,Collision
BOTTOM_RIGHT_10,BOTTOM_RIGHT,Stage-A,True,False,False,3.339471646666123,1.1607218,157,15.700000000000001,3.0994585,0.5624276995658875,0.19741768,-0.2424313,0.2791588,0.9681528662420382,0.0,0.03184713375796178,0,0.0,False,False,False,False,0.0,False,-1,-1,-1.0,False,True,Success
RANDOM_1,RANDOM,Stage-A,True,False,False,5.802096279607034,1.1506252,214,21.400000000000002,5.59418,0.8728675246238708,0.2614104,-0.0019059336,0.16624226,0.9906542056074766,0.0,0.009345794392523364,0,0.0,False,False,False,False,0.0,False,-1,-1,-1.0,False,True,Success
RANDOM_2,RANDOM,Stage-A,True,False,False,3.471909581120444,1.1665037,207,20.700000000000003,5.7717104,0.391822874546051,0.27882686,0.10421254,0.18541089,0.9806763285024155,0.0,0.01932367149758454,0,0.0,False,False,True,False,0.39277327,True,129,135,0.39461612701416016,True,True,Success
RANDOM_3,RANDOM,Stage-A,False,True,False,6.680948225482649,1.2078032,409,40.900000000000006,5.8657193,0.30133435130119324,0.14033596,-0.22739153,0.31069985,0.7921760391198044,0.0,0.2078239608801956,0,0.0,False,False,False,False,0.40924966,True,166,169,0.3664553165435791,True,False,Collision
RANDOM_4,RANDOM,Stage-A,True,False,False,4.578605600659657,1.1909821,271,27.1,5.3027263,0.6157961487770081,0.17622025,-0.12685545,0.23189606,0.9298892988929889,0.06273062730627306,0.007380073800738007,0,0.0,False,False,False,False,0.0,False,-1,-1,-1.0,False,True,Success
RANDOM_5,RANDOM,Stage-A,False,True,False,5.100827160127576,4.504161,390,39.0,7.5037727,0.30062511563301086,0.18483613,0.06820126,0.2533884,0.6820512820512821,0.02564102564102564,0.2923076923076923,0,0.0,False,False,False,False,0.2715112,False,142,279,0.33543717861175537,True,False,Collision
RANDOM_6,RANDOM,Stage-A,True,False,False,5.0715442869915535,1.1383042,243,24.3,5.4421234,0.33432602882385254,0.22364081,-0.21954368,0.2953596,0.9753086419753086,0.0,0.024691358024691357,0,0.0,False,False,True,True,0.19717073,False,207,214,0.33432602882385254,True,True,Success
RANDOM_7,RANDOM,Stage-A,True,False,False,6.077169001967735,1.1824032,268,26.8,7.551816,0.8740705251693726,0.28178442,0.07513579,0.172859,0.9925373134328358,0.0,0.007462686567164179,0,0.0,False,False,False,False,0.0,True,-1,-1,-1.0,False,True,Success
RANDOM_8,RANDOM,Stage-A,True,False,False,1.5490466442925073,1.1553007,71,7.1000000000000005,1.2243416,0.7321268916130066,0.1720497,-0.46875122,0.46903756,0.9295774647887324,0.0,0.07042253521126761,0,0.0,False,False,False,False,0.0,False,-1,-1,-1.0,False,True,Success
RANDOM_9,RANDOM,Stage-A,True,False,False,3.258292197937629,1.1861914,391,39.1,6.4919925,0.41706162691116333,0.0029691644,-0.12639277,0.14706178,0.43478260869565216,0.5601023017902813,0.005115089514066497,0,0.0,False,False,True,False,0.09506546,True,311,312,0.4403286576271057,True,True,Success
RANDOM_10,RANDOM,Stage-A,True,False,False,6.618611201139298,1.1975443,313,31.3,7.264892,0.32705366611480713,0.23210527,-0.19675738,0.25125498,1.0,0.0,0.0,0,0.0,False,False,True,True,0.15754785,False,215,221,0.38252031803131104,True,True,Success
RANDOM_11,RANDOM,Stage-A,False,True,False,7.862711305068345,12.0,311,31.1,4.3366513,0.5835718512535095,-0.13944213,-0.022029335,0.0968187,0.0,1.0,0.0,0,0.0,False,False,False,False,0.0,True,-1,-1,-1.0,False,False,Collision
RANDOM_12,RANDOM,Stage-A,True,False,False,4.288873002370081,1.1823633,209,20.900000000000002,3.9703674,0.7705671787261963,0.18100217,-0.1469333,0.22813912,0.9282296650717703,0.05263157894736842,0.019138755980861243,0,0.0,False,False,False,False,0.0,False,-1,-1,-1.0,False,True,Success
RANDOM_13,RANDOM,Stage-A,True,False,False,4.902464626322522,1.1866035,329,32.9,6.7319613,0.9243355989456177,0.046667993,-0.12931636,0.17097494,0.5106382978723404,0.47416413373860183,0.015197568389057751,0,0.0,False,False,False,False,0.0,False,-1,-1,-1.0,False,True,Success
RANDOM_14,RANDOM,Stage-A,True,False,False,4.583428265942262,1.1972117,204,20.400000000000002,4.1600003,0.7547152042388916,0.20392151,-0.14601022,0.23910478,0.9754901960784313,0.0,0.024509803921568627,0,0.0,False,False,False,False,0.0,False,-1,-1,-1.0,False,True,Success
RANDOM_15,RANDOM,Stage-A,True,False,False,5.769851659548381,1.189715,256,25.6,7.218767,0.9378989934921265,0.28198332,0.08201244,0.16674492,1.0,0.0,0.0,0,0.0,False,False,False,False,0.0,False,-1,-1,-1.0,False,True,Success
RANDOM_16,RANDOM,Stage-A,True,False,False,2.6784857599597065,1.152581,150,15.0,2.8836155,0.7868998646736145,0.19224106,-0.23167631,0.32226008,0.9866666666666667,0.0,0.013333333333333334,0,0.0,False,False,False,False,0.0,False,-1,-1,-1.0,False,True,Success
RANDOM_17,RANDOM,Stage-A,False,True,False,1.6646457107108186,3.400557,348,34.800000000000004,5.4215827,0.30000579357147217,0.11556311,0.15176736,0.35177657,0.5948275862068966,0.22413793103448276,0.1810344827586207,0,0.0,False,False,False,False,0.29775667,False,170,170,0.4471738636493683,True,False,Collision
RANDOM_18,RANDOM,Stage-A,True,False,False,8.583854549749542,1.1674377,512,51.2,9.829138,0.3768617510795593,0.19195506,-0.082280986,0.20758682,0.98046875,0.0,0.01953125,0,0.0,False,False,True,False,0.12712115,True,211,220,0.40122491121292114,True,True,Success
RANDOM_19,RANDOM,Stage-A,False,True,False,6.948799692406849,1.2554827,281,28.1,5.4608383,0.3008919656276703,0.19430038,-0.08105668,0.18794069,0.9715302491103203,0.0,0.028469750889679714,0,0.0,True,False,False,False,0.22717889,True,167,173,0.3093426823616028,True,False,Collision
RANDOM_20,RANDOM,Stage-A,True,False,False,7.172389149462723,1.182167,313,31.3,6.5372186,0.3843637704849243,0.2077986,-0.08633554,0.18331139,0.9808306709265175,0.006389776357827476,0.012779552715654952,0,0.0,False,False,True,False,0.6404838,False,20,21,0.42794352769851685,True,True,Success
